#
# There is insufficient memory for the Java Runtime Environment to continue.
# Native memory allocation (mmap) failed to map 203423744 bytes. Error detail: G1 virtual space
# Possible reasons:
#   The system is out of physical RAM or swap space
#   This process is running with CompressedOops enabled, and the Java Heap may be blocking the growth of the native heap
# Possible solutions:
#   Reduce memory load on the system
#   Increase physical memory or swap space
#   Check if swap backing store is full
#   Decrease Java heap size (-Xmx/-Xms)
#   Decrease number of Java threads
#   Decrease Java thread stack sizes (-Xss)
#   Set larger code cache with -XX:ReservedCodeCacheSize=
#   JVM is running with Zero Based Compressed Oops mode in which the Java heap is
#     placed in the first 32GB address space. The Java Heap base address is the
#     maximum limit for the native heap growth. Please use -XX:HeapBaseMinAddress
#     to set the Java Heap base and to place the Java Heap above 32GB virtual address.
# This output file may be truncated or incomplete.
#
#  Out of Memory Error (os_windows.cpp:3686), pid=15768, tid=24164
#
# JRE version: OpenJDK Runtime Environment Temurin-21.0.7+6 (21.0.7+6) (build 21.0.7+6-LTS)
# Java VM: OpenJDK 64-Bit Server VM Temurin-21.0.7+6 (21.0.7+6-LTS, mixed mode, sharing, tiered, compressed oops, compressed class ptrs, g1 gc, windows-amd64)
# No core dump will be written. Minidumps are not enabled by default on client versions of Windows
#

---------------  S U M M A R Y ------------

Command Line: D:\KiCad\9.0\3rdparty\plugins\app_freerouting_kicad-plugin\jar/freerouting-2.1.0.jar -de D:\Coding_Projects\HVAC_ESP32_Node\Kicad\HVAC_ESP32_Node\freerouting.dsn -do D:\Coding_Projects\HVAC_ESP32_Node\Kicad\HVAC_ESP32_Node\freerouting.ses -host KiCad

Host: Intel(R) Core(TM) i5-10500 CPU @ 3.10GHz, 12 cores, 15G,  Windows 11 , 64 bit Build 22621 (10.0.22621.5262)
Time: Tue May 27 09:32:41 2025 Central Daylight Time elapsed time: 31.499483 seconds (0d 0h 0m 31s)

---------------  T H R E A D  ---------------

Current thread (0x000001ea5842e260):  VMThread "VM Thread"          [id=24164, stack(0x000000c8c7a00000,0x000000c8c7b00000) (1024K)]

Stack: [0x000000c8c7a00000,0x000000c8c7b00000]
Native frames: (J=compiled Java code, j=interpreted, Vv=VM code, C=native code)
V  [jvm.dll+0x6ce119]
V  [jvm.dll+0x8a84a1]
V  [jvm.dll+0x8aa9ce]
V  [jvm.dll+0x8ab0b3]
V  [jvm.dll+0x27f8a6]
V  [jvm.dll+0x6ca945]
V  [jvm.dll+0x6bebea]
V  [jvm.dll+0x355eca]
V  [jvm.dll+0x35da96]
V  [jvm.dll+0x3af72e]
V  [jvm.dll+0x3af9d8]
V  [jvm.dll+0x32a05c]
V  [jvm.dll+0x32a0e7]
V  [jvm.dll+0x36deac]
V  [jvm.dll+0x36c6f8]
V  [jvm.dll+0x329821]
V  [jvm.dll+0x36bd6a]
V  [jvm.dll+0x8b0dcf]
V  [jvm.dll+0x8b2154]
V  [jvm.dll+0x8b2690]
V  [jvm.dll+0x8b2933]
V  [jvm.dll+0x851f6b]
V  [jvm.dll+0x6cc7dd]
C  [ucrtbase.dll+0x29333]
C  [KERNEL32.DLL+0x1259d]
C  [ntdll.dll+0x5af58]

VM_Operation (0x000000c8c86ff1b0): G1CollectForAllocation, mode: safepoint, requested by thread 0x000001ea9ee59d60


---------------  P R O C E S S  ---------------

Threads class SMR info:
_java_thread_list=0x000001ea9ef89eb0, length=19, elements={
0x000001ea3b3eaf10, 0x000001ea58447c70, 0x000001ea58448b80, 0x000001ea5844ac70,
0x000001ea5844ea40, 0x000001ea5844f770, 0x000001ea584504a0, 0x000001ea584599a0,
0x000001ea5847e350, 0x000001ea585cb290, 0x000001ea585cbab0, 0x000001ea9e7f2860,
0x000001ea9e54b670, 0x000001ea9ee5b7a0, 0x000001ea9ee59d60, 0x000001ea9ee5c4c0,
0x000001ea9ee5cb50, 0x000001ea9ee5d1e0, 0x000001ea9edb6d20
}

Java Threads: ( => current thread )
  0x000001ea3b3eaf10 JavaThread "main"                              [_thread_blocked, id=384, stack(0x000000c8c7300000,0x000000c8c7400000) (1024K)]
  0x000001ea58447c70 JavaThread "Reference Handler"          daemon [_thread_blocked, id=26804, stack(0x000000c8c7b00000,0x000000c8c7c00000) (1024K)]
  0x000001ea58448b80 JavaThread "Finalizer"                  daemon [_thread_blocked, id=12008, stack(0x000000c8c7c00000,0x000000c8c7d00000) (1024K)]
  0x000001ea5844ac70 JavaThread "Signal Dispatcher"          daemon [_thread_blocked, id=20052, stack(0x000000c8c7d00000,0x000000c8c7e00000) (1024K)]
  0x000001ea5844ea40 JavaThread "Attach Listener"            daemon [_thread_blocked, id=24724, stack(0x000000c8c7e00000,0x000000c8c7f00000) (1024K)]
  0x000001ea5844f770 JavaThread "Service Thread"             daemon [_thread_blocked, id=29828, stack(0x000000c8c7f00000,0x000000c8c8000000) (1024K)]
  0x000001ea584504a0 JavaThread "Monitor Deflation Thread"   daemon [_thread_blocked, id=32060, stack(0x000000c8c8000000,0x000000c8c8100000) (1024K)]
  0x000001ea584599a0 JavaThread "C2 CompilerThread0"         daemon [_thread_blocked, id=29028, stack(0x000000c8c8100000,0x000000c8c8200000) (1024K)]
  0x000001ea5847e350 JavaThread "C1 CompilerThread0"         daemon [_thread_blocked, id=17104, stack(0x000000c8c8200000,0x000000c8c8300000) (1024K)]
  0x000001ea585cb290 JavaThread "Notification Thread"        daemon [_thread_blocked, id=6612, stack(0x000000c8c8300000,0x000000c8c8400000) (1024K)]
  0x000001ea585cbab0 JavaThread "Common-Cleaner"             daemon [_thread_blocked, id=20032, stack(0x000000c8c8400000,0x000000c8c8500000) (1024K)]
  0x000001ea9e7f2860 JavaThread "Java2D Disposer"            daemon [_thread_blocked, id=32852, stack(0x000000c8c8f00000,0x000000c8c9000000) (1024K)]
  0x000001ea9e54b670 JavaThread "AWT-Windows"                daemon [_thread_blocked, id=19908, stack(0x000000c8c9100000,0x000000c8c9200000) (1024K)]
  0x000001ea9ee5b7a0 JavaThread "ForkJoinPool.commonPool-worker-1" daemon [_thread_blocked, id=14600, stack(0x000000c8c9200000,0x000000c8c9300000) (1024K)]
  0x000001ea9ee59d60 JavaThread "Thread-4"                          [_thread_blocked, id=32596, stack(0x000000c8c8600000,0x000000c8c8700000) (1024K)]
  0x000001ea9ee5c4c0 JavaThread "AWT-Shutdown"                      [_thread_blocked, id=14228, stack(0x000000c8c9300000,0x000000c8c9400000) (1024K)]
  0x000001ea9ee5cb50 JavaThread "AWT-EventQueue-0"                  [_thread_blocked, id=28760, stack(0x000000c8c9500000,0x000000c8c9600000) (1024K)]
  0x000001ea9ee5d1e0 JavaThread "TimerQueue"                 daemon [_thread_blocked, id=30496, stack(0x000000c8c9800000,0x000000c8c9900000) (1024K)]
  0x000001ea9edb6d20 JavaThread "Thread-14"                         [_thread_blocked, id=24588, stack(0x000000c8c9e00000,0x000000c8c9f00000) (1024K)]
Total: 19

Other Threads:
=>0x000001ea5842e260 VMThread "VM Thread"                           [id=24164, stack(0x000000c8c7a00000,0x000000c8c7b00000) (1024K)]
  0x000001ea5841bc30 WatcherThread "VM Periodic Task Thread"        [id=23364, stack(0x000000c8c7900000,0x000000c8c7a00000) (1024K)]
  0x000001ea3b453130 WorkerThread "GC Thread#0"                     [id=32832, stack(0x000000c8c7400000,0x000000c8c7500000) (1024K)]
  0x000001ea9e4dbe60 WorkerThread "GC Thread#1"                     [id=20232, stack(0x000000c8c8700000,0x000000c8c8800000) (1024K)]
  0x000001ea9e736740 WorkerThread "GC Thread#2"                     [id=25748, stack(0x000000c8c8800000,0x000000c8c8900000) (1024K)]
  0x000001ea9e736ae0 WorkerThread "GC Thread#3"                     [id=29288, stack(0x000000c8c8900000,0x000000c8c8a00000) (1024K)]
  0x000001ea9e2b3450 WorkerThread "GC Thread#4"                     [id=31100, stack(0x000000c8c8a00000,0x000000c8c8b00000) (1024K)]
  0x000001ea9e2b37f0 WorkerThread "GC Thread#5"                     [id=33648, stack(0x000000c8c8b00000,0x000000c8c8c00000) (1024K)]
  0x000001ea9e4f5f60 WorkerThread "GC Thread#6"                     [id=22396, stack(0x000000c8c8c00000,0x000000c8c8d00000) (1024K)]
  0x000001ea9e4f6710 WorkerThread "GC Thread#7"                     [id=15460, stack(0x000000c8c8d00000,0x000000c8c8e00000) (1024K)]
  0x000001ea9e19e950 WorkerThread "GC Thread#8"                     [id=4916, stack(0x000000c8c8e00000,0x000000c8c8f00000) (1024K)]
  0x000001ea9e19d730 WorkerThread "GC Thread#9"                     [id=28832, stack(0x000000c8c9900000,0x000000c8c9a00000) (1024K)]
  0x000001ea3b463d90 ConcurrentGCThread "G1 Main Marker"            [id=24512, stack(0x000000c8c7500000,0x000000c8c7600000) (1024K)]
  0x000001ea3b465250 WorkerThread "G1 Conc#0"                       [id=25520, stack(0x000000c8c7600000,0x000000c8c7700000) (1024K)]
  0x000001ea9e19e5b0 WorkerThread "G1 Conc#1"                       [id=33100, stack(0x000000c8c9a00000,0x000000c8c9b00000) (1024K)]
  0x000001ea9e19dad0 WorkerThread "G1 Conc#2"                       [id=3164, stack(0x000000c8c9b00000,0x000000c8c9c00000) (1024K)]
  0x000001ea582ec9a0 ConcurrentGCThread "G1 Refine#0"               [id=31344, stack(0x000000c8c7700000,0x000000c8c7800000) (1024K)]
  0x000001ea582ed320 ConcurrentGCThread "G1 Service"                [id=20772, stack(0x000000c8c7800000,0x000000c8c7900000) (1024K)]
Total: 18

Threads with active compile tasks:
Total: 0

VM state: at safepoint (normal execution)

VM Mutex/Monitor currently owned by a thread:  ([mutex/lock_event])
[0x00007ffd17a6e308] Threads_lock - owner thread: 0x000001ea5842e260
[0x00007ffd17a6e408] Heap_lock - owner thread: 0x000001ea9ee59d60

Heap address: 0x0000000703800000, size: 4040 MB, Compressed Oops mode: Zero based, Oop shift amount: 3

CDS archive(s) mapped at: [0x000001ea59000000-0x000001ea59ba0000-0x000001ea59ba0000), size 12189696, SharedBaseAddress: 0x000001ea59000000, ArchiveRelocationMode: 1.
Compressed class space mapped at: 0x000001ea5a000000-0x000001ea9a000000, reserved size: 1073741824
Narrow klass base: 0x000001ea59000000, Narrow klass shift: 0, Narrow klass range: 0x100000000

GC Precious Log:
 CardTable entry size: 512
 Card Set container configuration: InlinePtr #cards 4 size 8 Array Of Cards #cards 16 size 48 Howl #buckets 8 coarsen threshold 3686 Howl Bitmap #cards 512 size 80 coarsen threshold 460 Card regions per heap region 1 cards per card region 4096
 CPUs: 12 total, 12 available
 Memory: 16159M
 Large Page Support: Disabled
 NUMA Support: Disabled
 Compressed Oops: Enabled (Zero based)
 Heap Region Size: 2M
 Heap Min Capacity: 8M
 Heap Initial Capacity: 254M
 Heap Max Capacity: 4040M
 Pre-touch: Disabled
 Parallel Workers: 10
 Concurrent Workers: 3
 Concurrent Refinement Workers: 10
 Periodic GC: Disabled

Heap:
 garbage-first heap   total 964608K, used 83044K [0x0000000703800000, 0x0000000800000000)
  region size 2048K, 11 young (22528K), 11 survivors (22528K)
 Metaspace       used 38687K, committed 39168K, reserved 1114112K
  class space    used 4713K, committed 4928K, reserved 1048576K

Heap Regions: E=young(eden), S=young(survivor), O=old, HS=humongous(starts), HC=humongous(continues), CS=collection set, F=free, TAMS=top-at-mark-start, PB=parsable bottom
|   0|0x0000000703800000, 0x0000000703a00000, 0x0000000703a00000|100%| O|  |TAMS 0x0000000703800000| PB 0x0000000703800000| Untracked 
|   1|0x0000000703a00000, 0x0000000703c00000, 0x0000000703c00000|100%| O|  |TAMS 0x0000000703a00000| PB 0x0000000703a00000| Untracked 
|   2|0x0000000703c00000, 0x0000000703e00000, 0x0000000703e00000|100%|HS|  |TAMS 0x0000000703c00000| PB 0x0000000703c00000| Complete 
|   3|0x0000000703e00000, 0x0000000704000000, 0x0000000704000000|100%|HC|  |TAMS 0x0000000703e00000| PB 0x0000000703e00000| Complete 
|   4|0x0000000704000000, 0x0000000704200000, 0x0000000704200000|100%| O|  |TAMS 0x0000000704000000| PB 0x0000000704000000| Untracked 
|   5|0x0000000704200000, 0x0000000704400000, 0x0000000704400000|100%| O|  |TAMS 0x0000000704200000| PB 0x0000000704200000| Untracked 
|   6|0x0000000704400000, 0x0000000704600000, 0x0000000704600000|100%| O|  |TAMS 0x0000000704400000| PB 0x0000000704400000| Untracked 
|   7|0x0000000704600000, 0x0000000704800000, 0x0000000704800000|100%| O|  |TAMS 0x0000000704600000| PB 0x0000000704600000| Untracked 
|   8|0x0000000704800000, 0x0000000704a00000, 0x0000000704a00000|100%| O|  |TAMS 0x0000000704800000| PB 0x0000000704800000| Untracked 
|   9|0x0000000704a00000, 0x0000000704c00000, 0x0000000704c00000|100%| O|  |TAMS 0x0000000704a00000| PB 0x0000000704a00000| Untracked 
|  10|0x0000000704c00000, 0x0000000704e00000, 0x0000000704e00000|100%| O|  |TAMS 0x0000000704c00000| PB 0x0000000704c00000| Untracked 
|  11|0x0000000704e00000, 0x0000000705000000, 0x0000000705000000|100%| O|  |TAMS 0x0000000704e00000| PB 0x0000000704e00000| Untracked 
|  12|0x0000000705000000, 0x0000000705200000, 0x0000000705200000|100%|HS|  |TAMS 0x0000000705000000| PB 0x0000000705000000| Complete 
|  13|0x0000000705200000, 0x0000000705400000, 0x0000000705400000|100%|HC|  |TAMS 0x0000000705200000| PB 0x0000000705200000| Complete 
|  14|0x0000000705400000, 0x0000000705600000, 0x0000000705600000|100%| O|  |TAMS 0x0000000705400000| PB 0x0000000705400000| Untracked 
|  15|0x0000000705600000, 0x0000000705800000, 0x0000000705800000|100%| O|  |TAMS 0x0000000705600000| PB 0x0000000705600000| Untracked 
|  16|0x0000000705800000, 0x0000000705a00000, 0x0000000705a00000|100%| O|  |TAMS 0x0000000705800000| PB 0x0000000705800000| Untracked 
|  17|0x0000000705a00000, 0x0000000705c00000, 0x0000000705c00000|100%| O|  |TAMS 0x0000000705a00000| PB 0x0000000705a00000| Untracked 
|  18|0x0000000705c00000, 0x0000000705e00000, 0x0000000705e00000|100%| O|  |TAMS 0x0000000705c00000| PB 0x0000000705c00000| Untracked 
|  19|0x0000000705e00000, 0x0000000706000000, 0x0000000706000000|100%| O|  |TAMS 0x0000000705e00000| PB 0x0000000705e00000| Untracked 
|  20|0x0000000706000000, 0x0000000706200000, 0x0000000706200000|100%| O|  |TAMS 0x0000000706000000| PB 0x0000000706000000| Untracked 
|  21|0x0000000706200000, 0x0000000706400000, 0x0000000706400000|100%| O|  |TAMS 0x0000000706200000| PB 0x0000000706200000| Untracked 
|  22|0x0000000706400000, 0x0000000706600000, 0x0000000706600000|100%| O|  |TAMS 0x0000000706400000| PB 0x0000000706400000| Untracked 
|  23|0x0000000706600000, 0x0000000706800000, 0x0000000706800000|100%| O|  |TAMS 0x0000000706600000| PB 0x0000000706600000| Untracked 
|  24|0x0000000706800000, 0x0000000706937478, 0x0000000706a00000| 60%| O|  |TAMS 0x0000000706800000| PB 0x0000000706800000| Untracked 
|  25|0x0000000706a00000, 0x0000000706c00000, 0x0000000706c00000|100%|HS|  |TAMS 0x0000000706a00000| PB 0x0000000706a00000| Complete 
|  26|0x0000000706c00000, 0x0000000706e00000, 0x0000000706e00000|100%|HC|  |TAMS 0x0000000706c00000| PB 0x0000000706c00000| Complete 
|  27|0x0000000706e00000, 0x0000000707000000, 0x0000000707000000|100%|HC|  |TAMS 0x0000000706e00000| PB 0x0000000706e00000| Complete 
|  28|0x0000000707000000, 0x0000000707200000, 0x0000000707200000|100%|HC|  |TAMS 0x0000000707000000| PB 0x0000000707000000| Complete 
|  29|0x0000000707200000, 0x0000000707200000, 0x0000000707400000|  0%| F|  |TAMS 0x0000000707200000| PB 0x0000000707200000| Untracked 
|  30|0x0000000707400000, 0x0000000707400000, 0x0000000707600000|  0%| F|  |TAMS 0x0000000707400000| PB 0x0000000707400000| Untracked 
|  31|0x0000000707600000, 0x0000000707600000, 0x0000000707800000|  0%| F|  |TAMS 0x0000000707600000| PB 0x0000000707600000| Untracked 
|  32|0x0000000707800000, 0x0000000707800000, 0x0000000707a00000|  0%| F|  |TAMS 0x0000000707800000| PB 0x0000000707800000| Untracked 
|  33|0x0000000707a00000, 0x0000000707a00000, 0x0000000707c00000|  0%| F|  |TAMS 0x0000000707a00000| PB 0x0000000707a00000| Untracked 
|  34|0x0000000707c00000, 0x0000000707c00000, 0x0000000707e00000|  0%| F|  |TAMS 0x0000000707c00000| PB 0x0000000707c00000| Untracked 
|  35|0x0000000707e00000, 0x0000000707e00000, 0x0000000708000000|  0%| F|  |TAMS 0x0000000707e00000| PB 0x0000000707e00000| Untracked 
|  36|0x0000000708000000, 0x0000000708000000, 0x0000000708200000|  0%| F|  |TAMS 0x0000000708000000| PB 0x0000000708000000| Untracked 
|  37|0x0000000708200000, 0x0000000708200000, 0x0000000708400000|  0%| F|  |TAMS 0x0000000708200000| PB 0x0000000708200000| Untracked 
|  38|0x0000000708400000, 0x0000000708400000, 0x0000000708600000|  0%| F|  |TAMS 0x0000000708400000| PB 0x0000000708400000| Untracked 
|  39|0x0000000708600000, 0x0000000708600000, 0x0000000708800000|  0%| F|  |TAMS 0x0000000708600000| PB 0x0000000708600000| Untracked 
|  40|0x0000000708800000, 0x0000000708800000, 0x0000000708a00000|  0%| F|  |TAMS 0x0000000708800000| PB 0x0000000708800000| Untracked 
|  41|0x0000000708a00000, 0x0000000708a00000, 0x0000000708c00000|  0%| F|  |TAMS 0x0000000708a00000| PB 0x0000000708a00000| Untracked 
|  42|0x0000000708c00000, 0x0000000708c00000, 0x0000000708e00000|  0%| F|  |TAMS 0x0000000708c00000| PB 0x0000000708c00000| Untracked 
|  43|0x0000000708e00000, 0x0000000708e00000, 0x0000000709000000|  0%| F|  |TAMS 0x0000000708e00000| PB 0x0000000708e00000| Untracked 
|  44|0x0000000709000000, 0x0000000709000000, 0x0000000709200000|  0%| F|  |TAMS 0x0000000709000000| PB 0x0000000709000000| Untracked 
|  45|0x0000000709200000, 0x0000000709200000, 0x0000000709400000|  0%| F|  |TAMS 0x0000000709200000| PB 0x0000000709200000| Untracked 
|  46|0x0000000709400000, 0x0000000709400000, 0x0000000709600000|  0%| F|  |TAMS 0x0000000709400000| PB 0x0000000709400000| Untracked 
|  47|0x0000000709600000, 0x0000000709600000, 0x0000000709800000|  0%| F|  |TAMS 0x0000000709600000| PB 0x0000000709600000| Untracked 
|  48|0x0000000709800000, 0x0000000709800000, 0x0000000709a00000|  0%| F|  |TAMS 0x0000000709800000| PB 0x0000000709800000| Untracked 
|  49|0x0000000709a00000, 0x0000000709a00000, 0x0000000709c00000|  0%| F|  |TAMS 0x0000000709a00000| PB 0x0000000709a00000| Untracked 
|  50|0x0000000709c00000, 0x0000000709c00000, 0x0000000709e00000|  0%| F|  |TAMS 0x0000000709c00000| PB 0x0000000709c00000| Untracked 
|  51|0x0000000709e00000, 0x0000000709e00000, 0x000000070a000000|  0%| F|  |TAMS 0x0000000709e00000| PB 0x0000000709e00000| Untracked 
|  52|0x000000070a000000, 0x000000070a000000, 0x000000070a200000|  0%| F|  |TAMS 0x000000070a000000| PB 0x000000070a000000| Untracked 
|  53|0x000000070a200000, 0x000000070a200000, 0x000000070a400000|  0%| F|  |TAMS 0x000000070a200000| PB 0x000000070a200000| Untracked 
|  54|0x000000070a400000, 0x000000070a400000, 0x000000070a600000|  0%| F|  |TAMS 0x000000070a400000| PB 0x000000070a400000| Untracked 
|  55|0x000000070a600000, 0x000000070a600000, 0x000000070a800000|  0%| F|  |TAMS 0x000000070a600000| PB 0x000000070a600000| Untracked 
|  56|0x000000070a800000, 0x000000070a800000, 0x000000070aa00000|  0%| F|  |TAMS 0x000000070a800000| PB 0x000000070a800000| Untracked 
|  57|0x000000070aa00000, 0x000000070aa00000, 0x000000070ac00000|  0%| F|  |TAMS 0x000000070aa00000| PB 0x000000070aa00000| Untracked 
|  58|0x000000070ac00000, 0x000000070ac00000, 0x000000070ae00000|  0%| F|  |TAMS 0x000000070ac00000| PB 0x000000070ac00000| Untracked 
|  59|0x000000070ae00000, 0x000000070ae00000, 0x000000070b000000|  0%| F|  |TAMS 0x000000070ae00000| PB 0x000000070ae00000| Untracked 
|  60|0x000000070b000000, 0x000000070b000000, 0x000000070b200000|  0%| F|  |TAMS 0x000000070b000000| PB 0x000000070b000000| Untracked 
|  61|0x000000070b200000, 0x000000070b200000, 0x000000070b400000|  0%| F|  |TAMS 0x000000070b200000| PB 0x000000070b200000| Untracked 
|  62|0x000000070b400000, 0x000000070b400000, 0x000000070b600000|  0%| F|  |TAMS 0x000000070b400000| PB 0x000000070b400000| Untracked 
|  63|0x000000070b600000, 0x000000070b600000, 0x000000070b800000|  0%| F|  |TAMS 0x000000070b600000| PB 0x000000070b600000| Untracked 
|  64|0x000000070b800000, 0x000000070b800000, 0x000000070ba00000|  0%| F|  |TAMS 0x000000070b800000| PB 0x000000070b800000| Untracked 
|  65|0x000000070ba00000, 0x000000070ba00000, 0x000000070bc00000|  0%| F|  |TAMS 0x000000070ba00000| PB 0x000000070ba00000| Untracked 
|  66|0x000000070bc00000, 0x000000070bc00000, 0x000000070be00000|  0%| F|  |TAMS 0x000000070bc00000| PB 0x000000070bc00000| Untracked 
|  67|0x000000070be00000, 0x000000070be00000, 0x000000070c000000|  0%| F|  |TAMS 0x000000070be00000| PB 0x000000070be00000| Untracked 
|  68|0x000000070c000000, 0x000000070c000000, 0x000000070c200000|  0%| F|  |TAMS 0x000000070c000000| PB 0x000000070c000000| Untracked 
|  69|0x000000070c200000, 0x000000070c200000, 0x000000070c400000|  0%| F|  |TAMS 0x000000070c200000| PB 0x000000070c200000| Untracked 
|  70|0x000000070c400000, 0x000000070c400000, 0x000000070c600000|  0%| F|  |TAMS 0x000000070c400000| PB 0x000000070c400000| Untracked 
|  71|0x000000070c600000, 0x000000070c600000, 0x000000070c800000|  0%| F|  |TAMS 0x000000070c600000| PB 0x000000070c600000| Untracked 
|  72|0x000000070c800000, 0x000000070c800000, 0x000000070ca00000|  0%| F|  |TAMS 0x000000070c800000| PB 0x000000070c800000| Untracked 
|  73|0x000000070ca00000, 0x000000070ca00000, 0x000000070cc00000|  0%| F|  |TAMS 0x000000070ca00000| PB 0x000000070ca00000| Untracked 
|  74|0x000000070cc00000, 0x000000070cc00000, 0x000000070ce00000|  0%| F|  |TAMS 0x000000070cc00000| PB 0x000000070cc00000| Untracked 
|  75|0x000000070ce00000, 0x000000070ce00000, 0x000000070d000000|  0%| F|  |TAMS 0x000000070ce00000| PB 0x000000070ce00000| Untracked 
|  76|0x000000070d000000, 0x000000070d000000, 0x000000070d200000|  0%| F|  |TAMS 0x000000070d000000| PB 0x000000070d000000| Untracked 
|  77|0x000000070d200000, 0x000000070d200000, 0x000000070d400000|  0%| F|  |TAMS 0x000000070d200000| PB 0x000000070d200000| Untracked 
|  78|0x000000070d400000, 0x000000070d400000, 0x000000070d600000|  0%| F|  |TAMS 0x000000070d400000| PB 0x000000070d400000| Untracked 
|  79|0x000000070d600000, 0x000000070d600000, 0x000000070d800000|  0%| F|  |TAMS 0x000000070d600000| PB 0x000000070d600000| Untracked 
|  80|0x000000070d800000, 0x000000070d800000, 0x000000070da00000|  0%| F|  |TAMS 0x000000070d800000| PB 0x000000070d800000| Untracked 
|  81|0x000000070da00000, 0x000000070da00000, 0x000000070dc00000|  0%| F|  |TAMS 0x000000070da00000| PB 0x000000070da00000| Untracked 
|  82|0x000000070dc00000, 0x000000070dc00000, 0x000000070de00000|  0%| F|  |TAMS 0x000000070dc00000| PB 0x000000070dc00000| Untracked 
|  83|0x000000070de00000, 0x000000070de00000, 0x000000070e000000|  0%| F|  |TAMS 0x000000070de00000| PB 0x000000070de00000| Untracked 
|  84|0x000000070e000000, 0x000000070e000000, 0x000000070e200000|  0%| F|  |TAMS 0x000000070e000000| PB 0x000000070e000000| Untracked 
|  85|0x000000070e200000, 0x000000070e200000, 0x000000070e400000|  0%| F|  |TAMS 0x000000070e200000| PB 0x000000070e200000| Untracked 
|  86|0x000000070e400000, 0x000000070e400000, 0x000000070e600000|  0%| F|  |TAMS 0x000000070e400000| PB 0x000000070e400000| Untracked 
|  87|0x000000070e600000, 0x000000070e600000, 0x000000070e800000|  0%| F|  |TAMS 0x000000070e600000| PB 0x000000070e600000| Untracked 
|  88|0x000000070e800000, 0x000000070e800000, 0x000000070ea00000|  0%| F|  |TAMS 0x000000070e800000| PB 0x000000070e800000| Untracked 
|  89|0x000000070ea00000, 0x000000070ea00000, 0x000000070ec00000|  0%| F|  |TAMS 0x000000070ea00000| PB 0x000000070ea00000| Untracked 
|  90|0x000000070ec00000, 0x000000070ec00000, 0x000000070ee00000|  0%| F|  |TAMS 0x000000070ec00000| PB 0x000000070ec00000| Untracked 
|  91|0x000000070ee00000, 0x000000070ee00000, 0x000000070f000000|  0%| F|  |TAMS 0x000000070ee00000| PB 0x000000070ee00000| Untracked 
|  92|0x000000070f000000, 0x000000070f000000, 0x000000070f200000|  0%| F|  |TAMS 0x000000070f000000| PB 0x000000070f000000| Untracked 
|  93|0x000000070f200000, 0x000000070f200000, 0x000000070f400000|  0%| F|  |TAMS 0x000000070f200000| PB 0x000000070f200000| Untracked 
|  94|0x000000070f400000, 0x000000070f400000, 0x000000070f600000|  0%| F|  |TAMS 0x000000070f400000| PB 0x000000070f400000| Untracked 
|  95|0x000000070f600000, 0x000000070f600000, 0x000000070f800000|  0%| F|  |TAMS 0x000000070f600000| PB 0x000000070f600000| Untracked 
|  96|0x000000070f800000, 0x000000070f800000, 0x000000070fa00000|  0%| F|  |TAMS 0x000000070f800000| PB 0x000000070f800000| Untracked 
|  97|0x000000070fa00000, 0x000000070fa00000, 0x000000070fc00000|  0%| F|  |TAMS 0x000000070fa00000| PB 0x000000070fa00000| Untracked 
|  98|0x000000070fc00000, 0x000000070fc00000, 0x000000070fe00000|  0%| F|  |TAMS 0x000000070fc00000| PB 0x000000070fc00000| Untracked 
|  99|0x000000070fe00000, 0x000000070fe00000, 0x0000000710000000|  0%| F|  |TAMS 0x000000070fe00000| PB 0x000000070fe00000| Untracked 
| 100|0x0000000710000000, 0x0000000710000000, 0x0000000710200000|  0%| F|  |TAMS 0x0000000710000000| PB 0x0000000710000000| Untracked 
| 101|0x0000000710200000, 0x0000000710200000, 0x0000000710400000|  0%| F|  |TAMS 0x0000000710200000| PB 0x0000000710200000| Untracked 
| 102|0x0000000710400000, 0x0000000710400000, 0x0000000710600000|  0%| F|  |TAMS 0x0000000710400000| PB 0x0000000710400000| Untracked 
| 103|0x0000000710600000, 0x0000000710600000, 0x0000000710800000|  0%| F|  |TAMS 0x0000000710600000| PB 0x0000000710600000| Untracked 
| 104|0x0000000710800000, 0x0000000710800000, 0x0000000710a00000|  0%| F|  |TAMS 0x0000000710800000| PB 0x0000000710800000| Untracked 
| 105|0x0000000710a00000, 0x0000000710a00000, 0x0000000710c00000|  0%| F|  |TAMS 0x0000000710a00000| PB 0x0000000710a00000| Untracked 
| 106|0x0000000710c00000, 0x0000000710c00000, 0x0000000710e00000|  0%| F|  |TAMS 0x0000000710c00000| PB 0x0000000710c00000| Untracked 
| 107|0x0000000710e00000, 0x0000000710e00000, 0x0000000711000000|  0%| F|  |TAMS 0x0000000710e00000| PB 0x0000000710e00000| Untracked 
| 108|0x0000000711000000, 0x0000000711000000, 0x0000000711200000|  0%| F|  |TAMS 0x0000000711000000| PB 0x0000000711000000| Untracked 
| 109|0x0000000711200000, 0x0000000711200000, 0x0000000711400000|  0%| F|  |TAMS 0x0000000711200000| PB 0x0000000711200000| Untracked 
| 110|0x0000000711400000, 0x0000000711400000, 0x0000000711600000|  0%| F|  |TAMS 0x0000000711400000| PB 0x0000000711400000| Untracked 
| 111|0x0000000711600000, 0x0000000711600000, 0x0000000711800000|  0%| F|  |TAMS 0x0000000711600000| PB 0x0000000711600000| Untracked 
| 112|0x0000000711800000, 0x0000000711800000, 0x0000000711a00000|  0%| F|  |TAMS 0x0000000711800000| PB 0x0000000711800000| Untracked 
| 113|0x0000000711a00000, 0x0000000711a00000, 0x0000000711c00000|  0%| F|  |TAMS 0x0000000711a00000| PB 0x0000000711a00000| Untracked 
| 114|0x0000000711c00000, 0x0000000711c00000, 0x0000000711e00000|  0%| F|  |TAMS 0x0000000711c00000| PB 0x0000000711c00000| Untracked 
| 115|0x0000000711e00000, 0x0000000711e00000, 0x0000000712000000|  0%| F|  |TAMS 0x0000000711e00000| PB 0x0000000711e00000| Untracked 
| 116|0x0000000712000000, 0x0000000712000000, 0x0000000712200000|  0%| F|  |TAMS 0x0000000712000000| PB 0x0000000712000000| Untracked 
| 117|0x0000000712200000, 0x0000000712200000, 0x0000000712400000|  0%| F|  |TAMS 0x0000000712200000| PB 0x0000000712200000| Untracked 
| 118|0x0000000712400000, 0x0000000712400000, 0x0000000712600000|  0%| F|  |TAMS 0x0000000712400000| PB 0x0000000712400000| Untracked 
| 119|0x0000000712600000, 0x0000000712600000, 0x0000000712800000|  0%| F|  |TAMS 0x0000000712600000| PB 0x0000000712600000| Untracked 
| 120|0x0000000712800000, 0x0000000712800000, 0x0000000712a00000|  0%| F|  |TAMS 0x0000000712800000| PB 0x0000000712800000| Untracked 
| 121|0x0000000712a00000, 0x0000000712a00000, 0x0000000712c00000|  0%| F|  |TAMS 0x0000000712a00000| PB 0x0000000712a00000| Untracked 
| 122|0x0000000712c00000, 0x0000000712c00000, 0x0000000712e00000|  0%| F|  |TAMS 0x0000000712c00000| PB 0x0000000712c00000| Untracked 
| 123|0x0000000712e00000, 0x0000000712e00000, 0x0000000713000000|  0%| F|  |TAMS 0x0000000712e00000| PB 0x0000000712e00000| Untracked 
| 124|0x0000000713000000, 0x0000000713000000, 0x0000000713200000|  0%| F|  |TAMS 0x0000000713000000| PB 0x0000000713000000| Untracked 
| 125|0x0000000713200000, 0x0000000713200000, 0x0000000713400000|  0%| F|  |TAMS 0x0000000713200000| PB 0x0000000713200000| Untracked 
| 126|0x0000000713400000, 0x0000000713400000, 0x0000000713600000|  0%| F|  |TAMS 0x0000000713400000| PB 0x0000000713400000| Untracked 
| 127|0x0000000713600000, 0x0000000713600000, 0x0000000713800000|  0%| F|  |TAMS 0x0000000713600000| PB 0x0000000713600000| Untracked 
| 128|0x0000000713800000, 0x0000000713800000, 0x0000000713a00000|  0%| F|  |TAMS 0x0000000713800000| PB 0x0000000713800000| Untracked 
| 129|0x0000000713a00000, 0x0000000713a00000, 0x0000000713c00000|  0%| F|  |TAMS 0x0000000713a00000| PB 0x0000000713a00000| Untracked 
| 130|0x0000000713c00000, 0x0000000713c00000, 0x0000000713e00000|  0%| F|  |TAMS 0x0000000713c00000| PB 0x0000000713c00000| Untracked 
| 131|0x0000000713e00000, 0x0000000713e00000, 0x0000000714000000|  0%| F|  |TAMS 0x0000000713e00000| PB 0x0000000713e00000| Untracked 
| 132|0x0000000714000000, 0x0000000714000000, 0x0000000714200000|  0%| F|  |TAMS 0x0000000714000000| PB 0x0000000714000000| Untracked 
| 133|0x0000000714200000, 0x0000000714200000, 0x0000000714400000|  0%| F|  |TAMS 0x0000000714200000| PB 0x0000000714200000| Untracked 
| 134|0x0000000714400000, 0x0000000714400000, 0x0000000714600000|  0%| F|  |TAMS 0x0000000714400000| PB 0x0000000714400000| Untracked 
| 135|0x0000000714600000, 0x0000000714600000, 0x0000000714800000|  0%| F|  |TAMS 0x0000000714600000| PB 0x0000000714600000| Untracked 
| 136|0x0000000714800000, 0x0000000714800000, 0x0000000714a00000|  0%| F|  |TAMS 0x0000000714800000| PB 0x0000000714800000| Untracked 
| 137|0x0000000714a00000, 0x0000000714a00000, 0x0000000714c00000|  0%| F|  |TAMS 0x0000000714a00000| PB 0x0000000714a00000| Untracked 
| 138|0x0000000714c00000, 0x0000000714c00000, 0x0000000714e00000|  0%| F|  |TAMS 0x0000000714c00000| PB 0x0000000714c00000| Untracked 
| 139|0x0000000714e00000, 0x0000000714e00000, 0x0000000715000000|  0%| F|  |TAMS 0x0000000714e00000| PB 0x0000000714e00000| Untracked 
| 140|0x0000000715000000, 0x0000000715000000, 0x0000000715200000|  0%| F|  |TAMS 0x0000000715000000| PB 0x0000000715000000| Untracked 
| 141|0x0000000715200000, 0x0000000715200000, 0x0000000715400000|  0%| F|  |TAMS 0x0000000715200000| PB 0x0000000715200000| Untracked 
| 142|0x0000000715400000, 0x0000000715400000, 0x0000000715600000|  0%| F|  |TAMS 0x0000000715400000| PB 0x0000000715400000| Untracked 
| 143|0x0000000715600000, 0x0000000715600000, 0x0000000715800000|  0%| F|  |TAMS 0x0000000715600000| PB 0x0000000715600000| Untracked 
| 144|0x0000000715800000, 0x0000000715800000, 0x0000000715a00000|  0%| F|  |TAMS 0x0000000715800000| PB 0x0000000715800000| Untracked 
| 145|0x0000000715a00000, 0x0000000715a00000, 0x0000000715c00000|  0%| F|  |TAMS 0x0000000715a00000| PB 0x0000000715a00000| Untracked 
| 146|0x0000000715c00000, 0x0000000715c00000, 0x0000000715e00000|  0%| F|  |TAMS 0x0000000715c00000| PB 0x0000000715c00000| Untracked 
| 147|0x0000000715e00000, 0x0000000715e00000, 0x0000000716000000|  0%| F|  |TAMS 0x0000000715e00000| PB 0x0000000715e00000| Untracked 
| 148|0x0000000716000000, 0x0000000716000000, 0x0000000716200000|  0%| F|  |TAMS 0x0000000716000000| PB 0x0000000716000000| Untracked 
| 149|0x0000000716200000, 0x0000000716200000, 0x0000000716400000|  0%| F|  |TAMS 0x0000000716200000| PB 0x0000000716200000| Untracked 
| 150|0x0000000716400000, 0x0000000716400000, 0x0000000716600000|  0%| F|  |TAMS 0x0000000716400000| PB 0x0000000716400000| Untracked 
| 151|0x0000000716600000, 0x0000000716600000, 0x0000000716800000|  0%| F|  |TAMS 0x0000000716600000| PB 0x0000000716600000| Untracked 
| 152|0x0000000716800000, 0x0000000716800000, 0x0000000716a00000|  0%| F|  |TAMS 0x0000000716800000| PB 0x0000000716800000| Untracked 
| 153|0x0000000716a00000, 0x0000000716a00000, 0x0000000716c00000|  0%| F|  |TAMS 0x0000000716a00000| PB 0x0000000716a00000| Untracked 
| 154|0x0000000716c00000, 0x0000000716c00000, 0x0000000716e00000|  0%| F|  |TAMS 0x0000000716c00000| PB 0x0000000716c00000| Untracked 
| 155|0x0000000716e00000, 0x0000000716e00000, 0x0000000717000000|  0%| F|  |TAMS 0x0000000716e00000| PB 0x0000000716e00000| Untracked 
| 156|0x0000000717000000, 0x0000000717000000, 0x0000000717200000|  0%| F|  |TAMS 0x0000000717000000| PB 0x0000000717000000| Untracked 
| 157|0x0000000717200000, 0x0000000717200000, 0x0000000717400000|  0%| F|  |TAMS 0x0000000717200000| PB 0x0000000717200000| Untracked 
| 158|0x0000000717400000, 0x0000000717400000, 0x0000000717600000|  0%| F|  |TAMS 0x0000000717400000| PB 0x0000000717400000| Untracked 
| 159|0x0000000717600000, 0x0000000717600000, 0x0000000717800000|  0%| F|  |TAMS 0x0000000717600000| PB 0x0000000717600000| Untracked 
| 160|0x0000000717800000, 0x0000000717800000, 0x0000000717a00000|  0%| F|  |TAMS 0x0000000717800000| PB 0x0000000717800000| Untracked 
| 161|0x0000000717a00000, 0x0000000717a00000, 0x0000000717c00000|  0%| F|  |TAMS 0x0000000717a00000| PB 0x0000000717a00000| Untracked 
| 162|0x0000000717c00000, 0x0000000717c00000, 0x0000000717e00000|  0%| F|  |TAMS 0x0000000717c00000| PB 0x0000000717c00000| Untracked 
| 163|0x0000000717e00000, 0x0000000717e00000, 0x0000000718000000|  0%| F|  |TAMS 0x0000000717e00000| PB 0x0000000717e00000| Untracked 
| 164|0x0000000718000000, 0x0000000718000000, 0x0000000718200000|  0%| F|  |TAMS 0x0000000718000000| PB 0x0000000718000000| Untracked 
| 165|0x0000000718200000, 0x0000000718200000, 0x0000000718400000|  0%| F|  |TAMS 0x0000000718200000| PB 0x0000000718200000| Untracked 
| 166|0x0000000718400000, 0x0000000718400000, 0x0000000718600000|  0%| F|  |TAMS 0x0000000718400000| PB 0x0000000718400000| Untracked 
| 167|0x0000000718600000, 0x0000000718600000, 0x0000000718800000|  0%| F|  |TAMS 0x0000000718600000| PB 0x0000000718600000| Untracked 
| 168|0x0000000718800000, 0x0000000718800000, 0x0000000718a00000|  0%| F|  |TAMS 0x0000000718800000| PB 0x0000000718800000| Untracked 
| 169|0x0000000718a00000, 0x0000000718a00000, 0x0000000718c00000|  0%| F|  |TAMS 0x0000000718a00000| PB 0x0000000718a00000| Untracked 
| 170|0x0000000718c00000, 0x0000000718c00000, 0x0000000718e00000|  0%| F|  |TAMS 0x0000000718c00000| PB 0x0000000718c00000| Untracked 
| 171|0x0000000718e00000, 0x0000000718e00000, 0x0000000719000000|  0%| F|  |TAMS 0x0000000718e00000| PB 0x0000000718e00000| Untracked 
| 172|0x0000000719000000, 0x0000000719000000, 0x0000000719200000|  0%| F|  |TAMS 0x0000000719000000| PB 0x0000000719000000| Untracked 
| 173|0x0000000719200000, 0x0000000719200000, 0x0000000719400000|  0%| F|  |TAMS 0x0000000719200000| PB 0x0000000719200000| Untracked 
| 174|0x0000000719400000, 0x0000000719400000, 0x0000000719600000|  0%| F|  |TAMS 0x0000000719400000| PB 0x0000000719400000| Untracked 
| 175|0x0000000719600000, 0x0000000719600000, 0x0000000719800000|  0%| F|  |TAMS 0x0000000719600000| PB 0x0000000719600000| Untracked 
| 176|0x0000000719800000, 0x0000000719800000, 0x0000000719a00000|  0%| F|  |TAMS 0x0000000719800000| PB 0x0000000719800000| Untracked 
| 177|0x0000000719a00000, 0x0000000719a00000, 0x0000000719c00000|  0%| F|  |TAMS 0x0000000719a00000| PB 0x0000000719a00000| Untracked 
| 178|0x0000000719c00000, 0x0000000719de1c20, 0x0000000719e00000| 94%| S|CS|TAMS 0x0000000719c00000| PB 0x0000000719c00000| Complete 
| 179|0x0000000719e00000, 0x000000071a000000, 0x000000071a000000|100%| S|CS|TAMS 0x0000000719e00000| PB 0x0000000719e00000| Complete 
| 180|0x000000071a000000, 0x000000071a200000, 0x000000071a200000|100%| S|CS|TAMS 0x000000071a000000| PB 0x000000071a000000| Complete 
| 181|0x000000071a200000, 0x000000071a400000, 0x000000071a400000|100%| S|CS|TAMS 0x000000071a200000| PB 0x000000071a200000| Complete 
| 182|0x000000071a400000, 0x000000071a600000, 0x000000071a600000|100%| S|CS|TAMS 0x000000071a400000| PB 0x000000071a400000| Complete 
| 183|0x000000071a600000, 0x000000071a800000, 0x000000071a800000|100%| S|CS|TAMS 0x000000071a600000| PB 0x000000071a600000| Complete 
| 184|0x000000071a800000, 0x000000071aa00000, 0x000000071aa00000|100%| S|CS|TAMS 0x000000071a800000| PB 0x000000071a800000| Complete 
| 185|0x000000071aa00000, 0x000000071ac00000, 0x000000071ac00000|100%| S|CS|TAMS 0x000000071aa00000| PB 0x000000071aa00000| Complete 
| 186|0x000000071ac00000, 0x000000071ae00000, 0x000000071ae00000|100%| S|CS|TAMS 0x000000071ac00000| PB 0x000000071ac00000| Complete 
| 187|0x000000071ae00000, 0x000000071ae00000, 0x000000071b000000|  0%| F|  |TAMS 0x000000071ae00000| PB 0x000000071ae00000| Untracked 
| 188|0x000000071b000000, 0x000000071b000000, 0x000000071b200000|  0%| F|  |TAMS 0x000000071b000000| PB 0x000000071b000000| Untracked 
| 189|0x000000071b200000, 0x000000071b200000, 0x000000071b400000|  0%| F|  |TAMS 0x000000071b200000| PB 0x000000071b200000| Untracked 
| 190|0x000000071b400000, 0x000000071b400000, 0x000000071b600000|  0%| F|  |TAMS 0x000000071b400000| PB 0x000000071b400000| Untracked 
| 191|0x000000071b600000, 0x000000071b600000, 0x000000071b800000|  0%| F|  |TAMS 0x000000071b600000| PB 0x000000071b600000| Untracked 
| 192|0x000000071b800000, 0x000000071b800000, 0x000000071ba00000|  0%| F|  |TAMS 0x000000071b800000| PB 0x000000071b800000| Untracked 
| 193|0x000000071ba00000, 0x000000071ba00000, 0x000000071bc00000|  0%| F|  |TAMS 0x000000071ba00000| PB 0x000000071ba00000| Untracked 
| 194|0x000000071bc00000, 0x000000071bc00000, 0x000000071be00000|  0%| F|  |TAMS 0x000000071bc00000| PB 0x000000071bc00000| Untracked 
| 195|0x000000071be00000, 0x000000071be00000, 0x000000071c000000|  0%| F|  |TAMS 0x000000071be00000| PB 0x000000071be00000| Untracked 
| 196|0x000000071c000000, 0x000000071c000000, 0x000000071c200000|  0%| F|  |TAMS 0x000000071c000000| PB 0x000000071c000000| Untracked 
| 197|0x000000071c200000, 0x000000071c400000, 0x000000071c400000|100%| S|CS|TAMS 0x000000071c200000| PB 0x000000071c200000| Complete 
| 198|0x000000071c400000, 0x000000071c600000, 0x000000071c600000|100%| S|CS|TAMS 0x000000071c400000| PB 0x000000071c400000| Complete 
| 199|0x000000071c600000, 0x000000071c600000, 0x000000071c800000|  0%| F|  |TAMS 0x000000071c600000| PB 0x000000071c600000| Untracked 
| 200|0x000000071c800000, 0x000000071c800000, 0x000000071ca00000|  0%| F|  |TAMS 0x000000071c800000| PB 0x000000071c800000| Untracked 
| 201|0x000000071ca00000, 0x000000071ca00000, 0x000000071cc00000|  0%| F|  |TAMS 0x000000071ca00000| PB 0x000000071ca00000| Untracked 
| 202|0x000000071cc00000, 0x000000071cc00000, 0x000000071ce00000|  0%| F|  |TAMS 0x000000071cc00000| PB 0x000000071cc00000| Untracked 
| 203|0x000000071ce00000, 0x000000071ce00000, 0x000000071d000000|  0%| F|  |TAMS 0x000000071ce00000| PB 0x000000071ce00000| Untracked 
| 204|0x000000071d000000, 0x000000071d000000, 0x000000071d200000|  0%| F|  |TAMS 0x000000071d000000| PB 0x000000071d000000| Untracked 
| 205|0x000000071d200000, 0x000000071d200000, 0x000000071d400000|  0%| F|  |TAMS 0x000000071d200000| PB 0x000000071d200000| Untracked 
| 206|0x000000071d400000, 0x000000071d400000, 0x000000071d600000|  0%| F|  |TAMS 0x000000071d400000| PB 0x000000071d400000| Untracked 
| 207|0x000000071d600000, 0x000000071d600000, 0x000000071d800000|  0%| F|  |TAMS 0x000000071d600000| PB 0x000000071d600000| Untracked 
| 208|0x000000071d800000, 0x000000071d800000, 0x000000071da00000|  0%| F|  |TAMS 0x000000071d800000| PB 0x000000071d800000| Untracked 
| 209|0x000000071da00000, 0x000000071da00000, 0x000000071dc00000|  0%| F|  |TAMS 0x000000071da00000| PB 0x000000071da00000| Untracked 
| 210|0x000000071dc00000, 0x000000071dc00000, 0x000000071de00000|  0%| F|  |TAMS 0x000000071dc00000| PB 0x000000071dc00000| Untracked 
| 211|0x000000071de00000, 0x000000071de00000, 0x000000071e000000|  0%| F|  |TAMS 0x000000071de00000| PB 0x000000071de00000| Untracked 
| 212|0x000000071e000000, 0x000000071e000000, 0x000000071e200000|  0%| F|  |TAMS 0x000000071e000000| PB 0x000000071e000000| Untracked 
| 213|0x000000071e200000, 0x000000071e200000, 0x000000071e400000|  0%| F|  |TAMS 0x000000071e200000| PB 0x000000071e200000| Untracked 
| 214|0x000000071e400000, 0x000000071e400000, 0x000000071e600000|  0%| F|  |TAMS 0x000000071e400000| PB 0x000000071e400000| Untracked 
| 215|0x000000071e600000, 0x000000071e600000, 0x000000071e800000|  0%| F|  |TAMS 0x000000071e600000| PB 0x000000071e600000| Untracked 
| 216|0x000000071e800000, 0x000000071e800000, 0x000000071ea00000|  0%| F|  |TAMS 0x000000071e800000| PB 0x000000071e800000| Untracked 
| 217|0x000000071ea00000, 0x000000071ea00000, 0x000000071ec00000|  0%| F|  |TAMS 0x000000071ea00000| PB 0x000000071ea00000| Untracked 
| 218|0x000000071ec00000, 0x000000071ec00000, 0x000000071ee00000|  0%| F|  |TAMS 0x000000071ec00000| PB 0x000000071ec00000| Untracked 
| 219|0x000000071ee00000, 0x000000071ee00000, 0x000000071f000000|  0%| F|  |TAMS 0x000000071ee00000| PB 0x000000071ee00000| Untracked 
| 220|0x000000071f000000, 0x000000071f000000, 0x000000071f200000|  0%| F|  |TAMS 0x000000071f000000| PB 0x000000071f000000| Untracked 
| 221|0x000000071f200000, 0x000000071f200000, 0x000000071f400000|  0%| F|  |TAMS 0x000000071f200000| PB 0x000000071f200000| Untracked 
| 222|0x000000071f400000, 0x000000071f400000, 0x000000071f600000|  0%| F|  |TAMS 0x000000071f400000| PB 0x000000071f400000| Untracked 
| 223|0x000000071f600000, 0x000000071f600000, 0x000000071f800000|  0%| F|  |TAMS 0x000000071f600000| PB 0x000000071f600000| Untracked 
| 224|0x000000071f800000, 0x000000071f800000, 0x000000071fa00000|  0%| F|  |TAMS 0x000000071f800000| PB 0x000000071f800000| Untracked 
| 225|0x000000071fa00000, 0x000000071fa00000, 0x000000071fc00000|  0%| F|  |TAMS 0x000000071fa00000| PB 0x000000071fa00000| Untracked 
| 226|0x000000071fc00000, 0x000000071fc00000, 0x000000071fe00000|  0%| F|  |TAMS 0x000000071fc00000| PB 0x000000071fc00000| Untracked 
| 227|0x000000071fe00000, 0x000000071fe00000, 0x0000000720000000|  0%| F|  |TAMS 0x000000071fe00000| PB 0x000000071fe00000| Untracked 
| 228|0x0000000720000000, 0x0000000720000000, 0x0000000720200000|  0%| F|  |TAMS 0x0000000720000000| PB 0x0000000720000000| Untracked 
| 229|0x0000000720200000, 0x0000000720200000, 0x0000000720400000|  0%| F|  |TAMS 0x0000000720200000| PB 0x0000000720200000| Untracked 
| 230|0x0000000720400000, 0x0000000720400000, 0x0000000720600000|  0%| F|  |TAMS 0x0000000720400000| PB 0x0000000720400000| Untracked 
| 231|0x0000000720600000, 0x0000000720600000, 0x0000000720800000|  0%| F|  |TAMS 0x0000000720600000| PB 0x0000000720600000| Untracked 
| 232|0x0000000720800000, 0x0000000720800000, 0x0000000720a00000|  0%| F|  |TAMS 0x0000000720800000| PB 0x0000000720800000| Untracked 
| 233|0x0000000720a00000, 0x0000000720a00000, 0x0000000720c00000|  0%| F|  |TAMS 0x0000000720a00000| PB 0x0000000720a00000| Untracked 
| 234|0x0000000720c00000, 0x0000000720c00000, 0x0000000720e00000|  0%| F|  |TAMS 0x0000000720c00000| PB 0x0000000720c00000| Untracked 
| 235|0x0000000720e00000, 0x0000000720e00000, 0x0000000721000000|  0%| F|  |TAMS 0x0000000720e00000| PB 0x0000000720e00000| Untracked 
| 236|0x0000000721000000, 0x0000000721000000, 0x0000000721200000|  0%| F|  |TAMS 0x0000000721000000| PB 0x0000000721000000| Untracked 
| 237|0x0000000721200000, 0x0000000721200000, 0x0000000721400000|  0%| F|  |TAMS 0x0000000721200000| PB 0x0000000721200000| Untracked 
| 238|0x0000000721400000, 0x0000000721400000, 0x0000000721600000|  0%| F|  |TAMS 0x0000000721400000| PB 0x0000000721400000| Untracked 
| 239|0x0000000721600000, 0x0000000721600000, 0x0000000721800000|  0%| F|  |TAMS 0x0000000721600000| PB 0x0000000721600000| Untracked 
| 240|0x0000000721800000, 0x0000000721800000, 0x0000000721a00000|  0%| F|  |TAMS 0x0000000721800000| PB 0x0000000721800000| Untracked 
| 241|0x0000000721a00000, 0x0000000721a00000, 0x0000000721c00000|  0%| F|  |TAMS 0x0000000721a00000| PB 0x0000000721a00000| Untracked 
| 242|0x0000000721c00000, 0x0000000721c00000, 0x0000000721e00000|  0%| F|  |TAMS 0x0000000721c00000| PB 0x0000000721c00000| Untracked 
| 243|0x0000000721e00000, 0x0000000721e00000, 0x0000000722000000|  0%| F|  |TAMS 0x0000000721e00000| PB 0x0000000721e00000| Untracked 
| 244|0x0000000722000000, 0x0000000722000000, 0x0000000722200000|  0%| F|  |TAMS 0x0000000722000000| PB 0x0000000722000000| Untracked 
| 245|0x0000000722200000, 0x0000000722200000, 0x0000000722400000|  0%| F|  |TAMS 0x0000000722200000| PB 0x0000000722200000| Untracked 
| 246|0x0000000722400000, 0x0000000722400000, 0x0000000722600000|  0%| F|  |TAMS 0x0000000722400000| PB 0x0000000722400000| Untracked 
| 247|0x0000000722600000, 0x0000000722600000, 0x0000000722800000|  0%| F|  |TAMS 0x0000000722600000| PB 0x0000000722600000| Untracked 
| 248|0x0000000722800000, 0x0000000722800000, 0x0000000722a00000|  0%| F|  |TAMS 0x0000000722800000| PB 0x0000000722800000| Untracked 
| 249|0x0000000722a00000, 0x0000000722a00000, 0x0000000722c00000|  0%| F|  |TAMS 0x0000000722a00000| PB 0x0000000722a00000| Untracked 
| 250|0x0000000722c00000, 0x0000000722c00000, 0x0000000722e00000|  0%| F|  |TAMS 0x0000000722c00000| PB 0x0000000722c00000| Untracked 
| 251|0x0000000722e00000, 0x0000000722e00000, 0x0000000723000000|  0%| F|  |TAMS 0x0000000722e00000| PB 0x0000000722e00000| Untracked 
| 252|0x0000000723000000, 0x0000000723000000, 0x0000000723200000|  0%| F|  |TAMS 0x0000000723000000| PB 0x0000000723000000| Untracked 
| 253|0x0000000723200000, 0x0000000723200000, 0x0000000723400000|  0%| F|  |TAMS 0x0000000723200000| PB 0x0000000723200000| Untracked 
| 254|0x0000000723400000, 0x0000000723400000, 0x0000000723600000|  0%| F|  |TAMS 0x0000000723400000| PB 0x0000000723400000| Untracked 
| 255|0x0000000723600000, 0x0000000723600000, 0x0000000723800000|  0%| F|  |TAMS 0x0000000723600000| PB 0x0000000723600000| Untracked 
| 256|0x0000000723800000, 0x0000000723800000, 0x0000000723a00000|  0%| F|  |TAMS 0x0000000723800000| PB 0x0000000723800000| Untracked 
| 257|0x0000000723a00000, 0x0000000723a00000, 0x0000000723c00000|  0%| F|  |TAMS 0x0000000723a00000| PB 0x0000000723a00000| Untracked 
| 258|0x0000000723c00000, 0x0000000723c00000, 0x0000000723e00000|  0%| F|  |TAMS 0x0000000723c00000| PB 0x0000000723c00000| Untracked 
| 259|0x0000000723e00000, 0x0000000723e00000, 0x0000000724000000|  0%| F|  |TAMS 0x0000000723e00000| PB 0x0000000723e00000| Untracked 
| 260|0x0000000724000000, 0x0000000724000000, 0x0000000724200000|  0%| F|  |TAMS 0x0000000724000000| PB 0x0000000724000000| Untracked 
| 261|0x0000000724200000, 0x0000000724200000, 0x0000000724400000|  0%| F|  |TAMS 0x0000000724200000| PB 0x0000000724200000| Untracked 
| 262|0x0000000724400000, 0x0000000724400000, 0x0000000724600000|  0%| F|  |TAMS 0x0000000724400000| PB 0x0000000724400000| Untracked 
| 263|0x0000000724600000, 0x0000000724600000, 0x0000000724800000|  0%| F|  |TAMS 0x0000000724600000| PB 0x0000000724600000| Untracked 
| 264|0x0000000724800000, 0x0000000724800000, 0x0000000724a00000|  0%| F|  |TAMS 0x0000000724800000| PB 0x0000000724800000| Untracked 
| 265|0x0000000724a00000, 0x0000000724a00000, 0x0000000724c00000|  0%| F|  |TAMS 0x0000000724a00000| PB 0x0000000724a00000| Untracked 
| 266|0x0000000724c00000, 0x0000000724c00000, 0x0000000724e00000|  0%| F|  |TAMS 0x0000000724c00000| PB 0x0000000724c00000| Untracked 
| 267|0x0000000724e00000, 0x0000000724e00000, 0x0000000725000000|  0%| F|  |TAMS 0x0000000724e00000| PB 0x0000000724e00000| Untracked 
| 268|0x0000000725000000, 0x0000000725000000, 0x0000000725200000|  0%| F|  |TAMS 0x0000000725000000| PB 0x0000000725000000| Untracked 
| 269|0x0000000725200000, 0x0000000725200000, 0x0000000725400000|  0%| F|  |TAMS 0x0000000725200000| PB 0x0000000725200000| Untracked 
| 270|0x0000000725400000, 0x0000000725400000, 0x0000000725600000|  0%| F|  |TAMS 0x0000000725400000| PB 0x0000000725400000| Untracked 
| 271|0x0000000725600000, 0x0000000725600000, 0x0000000725800000|  0%| F|  |TAMS 0x0000000725600000| PB 0x0000000725600000| Untracked 
| 272|0x0000000725800000, 0x0000000725800000, 0x0000000725a00000|  0%| F|  |TAMS 0x0000000725800000| PB 0x0000000725800000| Untracked 
| 273|0x0000000725a00000, 0x0000000725a00000, 0x0000000725c00000|  0%| F|  |TAMS 0x0000000725a00000| PB 0x0000000725a00000| Untracked 
| 274|0x0000000725c00000, 0x0000000725c00000, 0x0000000725e00000|  0%| F|  |TAMS 0x0000000725c00000| PB 0x0000000725c00000| Untracked 
| 275|0x0000000725e00000, 0x0000000725e00000, 0x0000000726000000|  0%| F|  |TAMS 0x0000000725e00000| PB 0x0000000725e00000| Untracked 
| 276|0x0000000726000000, 0x0000000726000000, 0x0000000726200000|  0%| F|  |TAMS 0x0000000726000000| PB 0x0000000726000000| Untracked 
| 277|0x0000000726200000, 0x0000000726200000, 0x0000000726400000|  0%| F|  |TAMS 0x0000000726200000| PB 0x0000000726200000| Untracked 
| 278|0x0000000726400000, 0x0000000726400000, 0x0000000726600000|  0%| F|  |TAMS 0x0000000726400000| PB 0x0000000726400000| Untracked 
| 279|0x0000000726600000, 0x0000000726600000, 0x0000000726800000|  0%| F|  |TAMS 0x0000000726600000| PB 0x0000000726600000| Untracked 
| 280|0x0000000726800000, 0x0000000726800000, 0x0000000726a00000|  0%| F|  |TAMS 0x0000000726800000| PB 0x0000000726800000| Untracked 
| 281|0x0000000726a00000, 0x0000000726a00000, 0x0000000726c00000|  0%| F|  |TAMS 0x0000000726a00000| PB 0x0000000726a00000| Untracked 
| 282|0x0000000726c00000, 0x0000000726c00000, 0x0000000726e00000|  0%| F|  |TAMS 0x0000000726c00000| PB 0x0000000726c00000| Untracked 
| 283|0x0000000726e00000, 0x0000000726e00000, 0x0000000727000000|  0%| F|  |TAMS 0x0000000726e00000| PB 0x0000000726e00000| Untracked 
| 284|0x0000000727000000, 0x0000000727000000, 0x0000000727200000|  0%| F|  |TAMS 0x0000000727000000| PB 0x0000000727000000| Untracked 
| 285|0x0000000727200000, 0x0000000727200000, 0x0000000727400000|  0%| F|  |TAMS 0x0000000727200000| PB 0x0000000727200000| Untracked 
| 286|0x0000000727400000, 0x0000000727400000, 0x0000000727600000|  0%| F|  |TAMS 0x0000000727400000| PB 0x0000000727400000| Untracked 
| 287|0x0000000727600000, 0x0000000727600000, 0x0000000727800000|  0%| F|  |TAMS 0x0000000727600000| PB 0x0000000727600000| Untracked 
| 288|0x0000000727800000, 0x0000000727800000, 0x0000000727a00000|  0%| F|  |TAMS 0x0000000727800000| PB 0x0000000727800000| Untracked 
| 289|0x0000000727a00000, 0x0000000727a00000, 0x0000000727c00000|  0%| F|  |TAMS 0x0000000727a00000| PB 0x0000000727a00000| Untracked 
| 290|0x0000000727c00000, 0x0000000727c00000, 0x0000000727e00000|  0%| F|  |TAMS 0x0000000727c00000| PB 0x0000000727c00000| Untracked 
| 291|0x0000000727e00000, 0x0000000727e00000, 0x0000000728000000|  0%| F|  |TAMS 0x0000000727e00000| PB 0x0000000727e00000| Untracked 
| 292|0x0000000728000000, 0x0000000728000000, 0x0000000728200000|  0%| F|  |TAMS 0x0000000728000000| PB 0x0000000728000000| Untracked 
| 293|0x0000000728200000, 0x0000000728200000, 0x0000000728400000|  0%| F|  |TAMS 0x0000000728200000| PB 0x0000000728200000| Untracked 
| 294|0x0000000728400000, 0x0000000728400000, 0x0000000728600000|  0%| F|  |TAMS 0x0000000728400000| PB 0x0000000728400000| Untracked 
| 295|0x0000000728600000, 0x0000000728600000, 0x0000000728800000|  0%| F|  |TAMS 0x0000000728600000| PB 0x0000000728600000| Untracked 
| 296|0x0000000728800000, 0x0000000728800000, 0x0000000728a00000|  0%| F|  |TAMS 0x0000000728800000| PB 0x0000000728800000| Untracked 
| 297|0x0000000728a00000, 0x0000000728a00000, 0x0000000728c00000|  0%| F|  |TAMS 0x0000000728a00000| PB 0x0000000728a00000| Untracked 
| 298|0x0000000728c00000, 0x0000000728c00000, 0x0000000728e00000|  0%| F|  |TAMS 0x0000000728c00000| PB 0x0000000728c00000| Untracked 
| 299|0x0000000728e00000, 0x0000000728e00000, 0x0000000729000000|  0%| F|  |TAMS 0x0000000728e00000| PB 0x0000000728e00000| Untracked 
| 300|0x0000000729000000, 0x0000000729000000, 0x0000000729200000|  0%| F|  |TAMS 0x0000000729000000| PB 0x0000000729000000| Untracked 
| 301|0x0000000729200000, 0x0000000729200000, 0x0000000729400000|  0%| F|  |TAMS 0x0000000729200000| PB 0x0000000729200000| Untracked 
| 302|0x0000000729400000, 0x0000000729400000, 0x0000000729600000|  0%| F|  |TAMS 0x0000000729400000| PB 0x0000000729400000| Untracked 
| 303|0x0000000729600000, 0x0000000729600000, 0x0000000729800000|  0%| F|  |TAMS 0x0000000729600000| PB 0x0000000729600000| Untracked 
| 304|0x0000000729800000, 0x0000000729800000, 0x0000000729a00000|  0%| F|  |TAMS 0x0000000729800000| PB 0x0000000729800000| Untracked 
| 305|0x0000000729a00000, 0x0000000729a00000, 0x0000000729c00000|  0%| F|  |TAMS 0x0000000729a00000| PB 0x0000000729a00000| Untracked 
| 306|0x0000000729c00000, 0x0000000729c00000, 0x0000000729e00000|  0%| F|  |TAMS 0x0000000729c00000| PB 0x0000000729c00000| Untracked 
| 307|0x0000000729e00000, 0x0000000729e00000, 0x000000072a000000|  0%| F|  |TAMS 0x0000000729e00000| PB 0x0000000729e00000| Untracked 
| 308|0x000000072a000000, 0x000000072a000000, 0x000000072a200000|  0%| F|  |TAMS 0x000000072a000000| PB 0x000000072a000000| Untracked 
| 309|0x000000072a200000, 0x000000072a200000, 0x000000072a400000|  0%| F|  |TAMS 0x000000072a200000| PB 0x000000072a200000| Untracked 
| 310|0x000000072a400000, 0x000000072a400000, 0x000000072a600000|  0%| F|  |TAMS 0x000000072a400000| PB 0x000000072a400000| Untracked 
| 311|0x000000072a600000, 0x000000072a600000, 0x000000072a800000|  0%| F|  |TAMS 0x000000072a600000| PB 0x000000072a600000| Untracked 
| 312|0x000000072a800000, 0x000000072a800000, 0x000000072aa00000|  0%| F|  |TAMS 0x000000072a800000| PB 0x000000072a800000| Untracked 
| 313|0x000000072aa00000, 0x000000072aa00000, 0x000000072ac00000|  0%| F|  |TAMS 0x000000072aa00000| PB 0x000000072aa00000| Untracked 
| 314|0x000000072ac00000, 0x000000072ac00000, 0x000000072ae00000|  0%| F|  |TAMS 0x000000072ac00000| PB 0x000000072ac00000| Untracked 
| 315|0x000000072ae00000, 0x000000072ae00000, 0x000000072b000000|  0%| F|  |TAMS 0x000000072ae00000| PB 0x000000072ae00000| Untracked 
| 316|0x000000072b000000, 0x000000072b000000, 0x000000072b200000|  0%| F|  |TAMS 0x000000072b000000| PB 0x000000072b000000| Untracked 
| 317|0x000000072b200000, 0x000000072b200000, 0x000000072b400000|  0%| F|  |TAMS 0x000000072b200000| PB 0x000000072b200000| Untracked 
| 318|0x000000072b400000, 0x000000072b400000, 0x000000072b600000|  0%| F|  |TAMS 0x000000072b400000| PB 0x000000072b400000| Untracked 
| 319|0x000000072b600000, 0x000000072b600000, 0x000000072b800000|  0%| F|  |TAMS 0x000000072b600000| PB 0x000000072b600000| Untracked 
| 320|0x000000072b800000, 0x000000072b800000, 0x000000072ba00000|  0%| F|  |TAMS 0x000000072b800000| PB 0x000000072b800000| Untracked 
| 321|0x000000072ba00000, 0x000000072ba00000, 0x000000072bc00000|  0%| F|  |TAMS 0x000000072ba00000| PB 0x000000072ba00000| Untracked 
| 322|0x000000072bc00000, 0x000000072bc00000, 0x000000072be00000|  0%| F|  |TAMS 0x000000072bc00000| PB 0x000000072bc00000| Untracked 
| 323|0x000000072be00000, 0x000000072be00000, 0x000000072c000000|  0%| F|  |TAMS 0x000000072be00000| PB 0x000000072be00000| Untracked 
| 324|0x000000072c000000, 0x000000072c000000, 0x000000072c200000|  0%| F|  |TAMS 0x000000072c000000| PB 0x000000072c000000| Untracked 
| 325|0x000000072c200000, 0x000000072c200000, 0x000000072c400000|  0%| F|  |TAMS 0x000000072c200000| PB 0x000000072c200000| Untracked 
| 326|0x000000072c400000, 0x000000072c400000, 0x000000072c600000|  0%| F|  |TAMS 0x000000072c400000| PB 0x000000072c400000| Untracked 
| 327|0x000000072c600000, 0x000000072c600000, 0x000000072c800000|  0%| F|  |TAMS 0x000000072c600000| PB 0x000000072c600000| Untracked 
| 328|0x000000072c800000, 0x000000072c800000, 0x000000072ca00000|  0%| F|  |TAMS 0x000000072c800000| PB 0x000000072c800000| Untracked 
| 329|0x000000072ca00000, 0x000000072ca00000, 0x000000072cc00000|  0%| F|  |TAMS 0x000000072ca00000| PB 0x000000072ca00000| Untracked 
| 330|0x000000072cc00000, 0x000000072cc00000, 0x000000072ce00000|  0%| F|  |TAMS 0x000000072cc00000| PB 0x000000072cc00000| Untracked 
| 331|0x000000072ce00000, 0x000000072ce00000, 0x000000072d000000|  0%| F|  |TAMS 0x000000072ce00000| PB 0x000000072ce00000| Untracked 
| 332|0x000000072d000000, 0x000000072d000000, 0x000000072d200000|  0%| F|  |TAMS 0x000000072d000000| PB 0x000000072d000000| Untracked 
| 333|0x000000072d200000, 0x000000072d200000, 0x000000072d400000|  0%| F|  |TAMS 0x000000072d200000| PB 0x000000072d200000| Untracked 
| 334|0x000000072d400000, 0x000000072d400000, 0x000000072d600000|  0%| F|  |TAMS 0x000000072d400000| PB 0x000000072d400000| Untracked 
| 335|0x000000072d600000, 0x000000072d600000, 0x000000072d800000|  0%| F|  |TAMS 0x000000072d600000| PB 0x000000072d600000| Untracked 
| 336|0x000000072d800000, 0x000000072d800000, 0x000000072da00000|  0%| F|  |TAMS 0x000000072d800000| PB 0x000000072d800000| Untracked 
| 337|0x000000072da00000, 0x000000072da00000, 0x000000072dc00000|  0%| F|  |TAMS 0x000000072da00000| PB 0x000000072da00000| Untracked 
| 338|0x000000072dc00000, 0x000000072dc00000, 0x000000072de00000|  0%| F|  |TAMS 0x000000072dc00000| PB 0x000000072dc00000| Untracked 
| 339|0x000000072de00000, 0x000000072de00000, 0x000000072e000000|  0%| F|  |TAMS 0x000000072de00000| PB 0x000000072de00000| Untracked 
| 340|0x000000072e000000, 0x000000072e000000, 0x000000072e200000|  0%| F|  |TAMS 0x000000072e000000| PB 0x000000072e000000| Untracked 
| 341|0x000000072e200000, 0x000000072e200000, 0x000000072e400000|  0%| F|  |TAMS 0x000000072e200000| PB 0x000000072e200000| Untracked 
| 342|0x000000072e400000, 0x000000072e400000, 0x000000072e600000|  0%| F|  |TAMS 0x000000072e400000| PB 0x000000072e400000| Untracked 
| 343|0x000000072e600000, 0x000000072e600000, 0x000000072e800000|  0%| F|  |TAMS 0x000000072e600000| PB 0x000000072e600000| Untracked 
| 344|0x000000072e800000, 0x000000072e800000, 0x000000072ea00000|  0%| F|  |TAMS 0x000000072e800000| PB 0x000000072e800000| Untracked 
| 345|0x000000072ea00000, 0x000000072ea00000, 0x000000072ec00000|  0%| F|  |TAMS 0x000000072ea00000| PB 0x000000072ea00000| Untracked 
| 346|0x000000072ec00000, 0x000000072ec00000, 0x000000072ee00000|  0%| F|  |TAMS 0x000000072ec00000| PB 0x000000072ec00000| Untracked 
| 347|0x000000072ee00000, 0x000000072ee00000, 0x000000072f000000|  0%| F|  |TAMS 0x000000072ee00000| PB 0x000000072ee00000| Untracked 
| 348|0x000000072f000000, 0x000000072f000000, 0x000000072f200000|  0%| F|  |TAMS 0x000000072f000000| PB 0x000000072f000000| Untracked 
| 349|0x000000072f200000, 0x000000072f200000, 0x000000072f400000|  0%| F|  |TAMS 0x000000072f200000| PB 0x000000072f200000| Untracked 
| 350|0x000000072f400000, 0x000000072f400000, 0x000000072f600000|  0%| F|  |TAMS 0x000000072f400000| PB 0x000000072f400000| Untracked 
| 351|0x000000072f600000, 0x000000072f600000, 0x000000072f800000|  0%| F|  |TAMS 0x000000072f600000| PB 0x000000072f600000| Untracked 
| 352|0x000000072f800000, 0x000000072f800000, 0x000000072fa00000|  0%| F|  |TAMS 0x000000072f800000| PB 0x000000072f800000| Untracked 
| 353|0x000000072fa00000, 0x000000072fa00000, 0x000000072fc00000|  0%| F|  |TAMS 0x000000072fa00000| PB 0x000000072fa00000| Untracked 
| 354|0x000000072fc00000, 0x000000072fc00000, 0x000000072fe00000|  0%| F|  |TAMS 0x000000072fc00000| PB 0x000000072fc00000| Untracked 
| 355|0x000000072fe00000, 0x000000072fe00000, 0x0000000730000000|  0%| F|  |TAMS 0x000000072fe00000| PB 0x000000072fe00000| Untracked 
| 356|0x0000000730000000, 0x0000000730000000, 0x0000000730200000|  0%| F|  |TAMS 0x0000000730000000| PB 0x0000000730000000| Untracked 
| 357|0x0000000730200000, 0x0000000730200000, 0x0000000730400000|  0%| F|  |TAMS 0x0000000730200000| PB 0x0000000730200000| Untracked 
| 358|0x0000000730400000, 0x0000000730400000, 0x0000000730600000|  0%| F|  |TAMS 0x0000000730400000| PB 0x0000000730400000| Untracked 
| 359|0x0000000730600000, 0x0000000730600000, 0x0000000730800000|  0%| F|  |TAMS 0x0000000730600000| PB 0x0000000730600000| Untracked 
| 360|0x0000000730800000, 0x0000000730800000, 0x0000000730a00000|  0%| F|  |TAMS 0x0000000730800000| PB 0x0000000730800000| Untracked 
| 361|0x0000000730a00000, 0x0000000730a00000, 0x0000000730c00000|  0%| F|  |TAMS 0x0000000730a00000| PB 0x0000000730a00000| Untracked 
| 362|0x0000000730c00000, 0x0000000730c00000, 0x0000000730e00000|  0%| F|  |TAMS 0x0000000730c00000| PB 0x0000000730c00000| Untracked 
| 363|0x0000000730e00000, 0x0000000730e00000, 0x0000000731000000|  0%| F|  |TAMS 0x0000000730e00000| PB 0x0000000730e00000| Untracked 
| 364|0x0000000731000000, 0x0000000731000000, 0x0000000731200000|  0%| F|  |TAMS 0x0000000731000000| PB 0x0000000731000000| Untracked 
| 365|0x0000000731200000, 0x0000000731200000, 0x0000000731400000|  0%| F|  |TAMS 0x0000000731200000| PB 0x0000000731200000| Untracked 
| 366|0x0000000731400000, 0x0000000731400000, 0x0000000731600000|  0%| F|  |TAMS 0x0000000731400000| PB 0x0000000731400000| Untracked 
| 367|0x0000000731600000, 0x0000000731600000, 0x0000000731800000|  0%| F|  |TAMS 0x0000000731600000| PB 0x0000000731600000| Untracked 
| 368|0x0000000731800000, 0x0000000731800000, 0x0000000731a00000|  0%| F|  |TAMS 0x0000000731800000| PB 0x0000000731800000| Untracked 
| 369|0x0000000731a00000, 0x0000000731a00000, 0x0000000731c00000|  0%| F|  |TAMS 0x0000000731a00000| PB 0x0000000731a00000| Untracked 
| 370|0x0000000731c00000, 0x0000000731c00000, 0x0000000731e00000|  0%| F|  |TAMS 0x0000000731c00000| PB 0x0000000731c00000| Untracked 
| 371|0x0000000731e00000, 0x0000000731e00000, 0x0000000732000000|  0%| F|  |TAMS 0x0000000731e00000| PB 0x0000000731e00000| Untracked 
| 372|0x0000000732000000, 0x0000000732000000, 0x0000000732200000|  0%| F|  |TAMS 0x0000000732000000| PB 0x0000000732000000| Untracked 
| 373|0x0000000732200000, 0x0000000732200000, 0x0000000732400000|  0%| F|  |TAMS 0x0000000732200000| PB 0x0000000732200000| Untracked 
| 374|0x0000000732400000, 0x0000000732400000, 0x0000000732600000|  0%| F|  |TAMS 0x0000000732400000| PB 0x0000000732400000| Untracked 
| 375|0x0000000732600000, 0x0000000732600000, 0x0000000732800000|  0%| F|  |TAMS 0x0000000732600000| PB 0x0000000732600000| Untracked 
| 376|0x0000000732800000, 0x0000000732800000, 0x0000000732a00000|  0%| F|  |TAMS 0x0000000732800000| PB 0x0000000732800000| Untracked 
| 377|0x0000000732a00000, 0x0000000732a00000, 0x0000000732c00000|  0%| F|  |TAMS 0x0000000732a00000| PB 0x0000000732a00000| Untracked 
| 378|0x0000000732c00000, 0x0000000732c00000, 0x0000000732e00000|  0%| F|  |TAMS 0x0000000732c00000| PB 0x0000000732c00000| Untracked 
| 379|0x0000000732e00000, 0x0000000732e00000, 0x0000000733000000|  0%| F|  |TAMS 0x0000000732e00000| PB 0x0000000732e00000| Untracked 
| 380|0x0000000733000000, 0x0000000733000000, 0x0000000733200000|  0%| F|  |TAMS 0x0000000733000000| PB 0x0000000733000000| Untracked 
| 381|0x0000000733200000, 0x0000000733200000, 0x0000000733400000|  0%| F|  |TAMS 0x0000000733200000| PB 0x0000000733200000| Untracked 
| 382|0x0000000733400000, 0x0000000733400000, 0x0000000733600000|  0%| F|  |TAMS 0x0000000733400000| PB 0x0000000733400000| Untracked 
| 383|0x0000000733600000, 0x0000000733600000, 0x0000000733800000|  0%| F|  |TAMS 0x0000000733600000| PB 0x0000000733600000| Untracked 
| 384|0x0000000733800000, 0x0000000733800000, 0x0000000733a00000|  0%| F|  |TAMS 0x0000000733800000| PB 0x0000000733800000| Untracked 
| 385|0x0000000733a00000, 0x0000000733a00000, 0x0000000733c00000|  0%| F|  |TAMS 0x0000000733a00000| PB 0x0000000733a00000| Untracked 
| 386|0x0000000733c00000, 0x0000000733c00000, 0x0000000733e00000|  0%| F|  |TAMS 0x0000000733c00000| PB 0x0000000733c00000| Untracked 
| 387|0x0000000733e00000, 0x0000000733e00000, 0x0000000734000000|  0%| F|  |TAMS 0x0000000733e00000| PB 0x0000000733e00000| Untracked 
| 388|0x0000000734000000, 0x0000000734000000, 0x0000000734200000|  0%| F|  |TAMS 0x0000000734000000| PB 0x0000000734000000| Untracked 
| 389|0x0000000734200000, 0x0000000734200000, 0x0000000734400000|  0%| F|  |TAMS 0x0000000734200000| PB 0x0000000734200000| Untracked 
| 390|0x0000000734400000, 0x0000000734400000, 0x0000000734600000|  0%| F|  |TAMS 0x0000000734400000| PB 0x0000000734400000| Untracked 
| 391|0x0000000734600000, 0x0000000734600000, 0x0000000734800000|  0%| F|  |TAMS 0x0000000734600000| PB 0x0000000734600000| Untracked 
| 392|0x0000000734800000, 0x0000000734800000, 0x0000000734a00000|  0%| F|  |TAMS 0x0000000734800000| PB 0x0000000734800000| Untracked 
| 393|0x0000000734a00000, 0x0000000734a00000, 0x0000000734c00000|  0%| F|  |TAMS 0x0000000734a00000| PB 0x0000000734a00000| Untracked 
| 394|0x0000000734c00000, 0x0000000734c00000, 0x0000000734e00000|  0%| F|  |TAMS 0x0000000734c00000| PB 0x0000000734c00000| Untracked 
| 395|0x0000000734e00000, 0x0000000734e00000, 0x0000000735000000|  0%| F|  |TAMS 0x0000000734e00000| PB 0x0000000734e00000| Untracked 
| 396|0x0000000735000000, 0x0000000735000000, 0x0000000735200000|  0%| F|  |TAMS 0x0000000735000000| PB 0x0000000735000000| Untracked 
| 397|0x0000000735200000, 0x0000000735200000, 0x0000000735400000|  0%| F|  |TAMS 0x0000000735200000| PB 0x0000000735200000| Untracked 
| 398|0x0000000735400000, 0x0000000735400000, 0x0000000735600000|  0%| F|  |TAMS 0x0000000735400000| PB 0x0000000735400000| Untracked 
| 399|0x0000000735600000, 0x0000000735600000, 0x0000000735800000|  0%| F|  |TAMS 0x0000000735600000| PB 0x0000000735600000| Untracked 
| 400|0x0000000735800000, 0x0000000735800000, 0x0000000735a00000|  0%| F|  |TAMS 0x0000000735800000| PB 0x0000000735800000| Untracked 
| 401|0x0000000735a00000, 0x0000000735a00000, 0x0000000735c00000|  0%| F|  |TAMS 0x0000000735a00000| PB 0x0000000735a00000| Untracked 
| 402|0x0000000735c00000, 0x0000000735c00000, 0x0000000735e00000|  0%| F|  |TAMS 0x0000000735c00000| PB 0x0000000735c00000| Untracked 
| 403|0x0000000735e00000, 0x0000000735e00000, 0x0000000736000000|  0%| F|  |TAMS 0x0000000735e00000| PB 0x0000000735e00000| Untracked 
| 404|0x0000000736000000, 0x0000000736000000, 0x0000000736200000|  0%| F|  |TAMS 0x0000000736000000| PB 0x0000000736000000| Untracked 
| 405|0x0000000736200000, 0x0000000736200000, 0x0000000736400000|  0%| F|  |TAMS 0x0000000736200000| PB 0x0000000736200000| Untracked 
| 406|0x0000000736400000, 0x0000000736400000, 0x0000000736600000|  0%| F|  |TAMS 0x0000000736400000| PB 0x0000000736400000| Untracked 
| 407|0x0000000736600000, 0x0000000736600000, 0x0000000736800000|  0%| F|  |TAMS 0x0000000736600000| PB 0x0000000736600000| Untracked 
| 408|0x0000000736800000, 0x0000000736800000, 0x0000000736a00000|  0%| F|  |TAMS 0x0000000736800000| PB 0x0000000736800000| Untracked 
| 409|0x0000000736a00000, 0x0000000736a00000, 0x0000000736c00000|  0%| F|  |TAMS 0x0000000736a00000| PB 0x0000000736a00000| Untracked 
| 410|0x0000000736c00000, 0x0000000736c00000, 0x0000000736e00000|  0%| F|  |TAMS 0x0000000736c00000| PB 0x0000000736c00000| Untracked 
| 411|0x0000000736e00000, 0x0000000736e00000, 0x0000000737000000|  0%| F|  |TAMS 0x0000000736e00000| PB 0x0000000736e00000| Untracked 
| 412|0x0000000737000000, 0x0000000737000000, 0x0000000737200000|  0%| F|  |TAMS 0x0000000737000000| PB 0x0000000737000000| Untracked 
| 413|0x0000000737200000, 0x0000000737200000, 0x0000000737400000|  0%| F|  |TAMS 0x0000000737200000| PB 0x0000000737200000| Untracked 
| 414|0x0000000737400000, 0x0000000737400000, 0x0000000737600000|  0%| F|  |TAMS 0x0000000737400000| PB 0x0000000737400000| Untracked 
| 415|0x0000000737600000, 0x0000000737600000, 0x0000000737800000|  0%| F|  |TAMS 0x0000000737600000| PB 0x0000000737600000| Untracked 
| 416|0x0000000737800000, 0x0000000737800000, 0x0000000737a00000|  0%| F|  |TAMS 0x0000000737800000| PB 0x0000000737800000| Untracked 
| 417|0x0000000737a00000, 0x0000000737a00000, 0x0000000737c00000|  0%| F|  |TAMS 0x0000000737a00000| PB 0x0000000737a00000| Untracked 
| 418|0x0000000737c00000, 0x0000000737c00000, 0x0000000737e00000|  0%| F|  |TAMS 0x0000000737c00000| PB 0x0000000737c00000| Untracked 
| 419|0x0000000737e00000, 0x0000000737e00000, 0x0000000738000000|  0%| F|  |TAMS 0x0000000737e00000| PB 0x0000000737e00000| Untracked 
| 420|0x0000000738000000, 0x0000000738000000, 0x0000000738200000|  0%| F|  |TAMS 0x0000000738000000| PB 0x0000000738000000| Untracked 
| 421|0x0000000738200000, 0x0000000738200000, 0x0000000738400000|  0%| F|  |TAMS 0x0000000738200000| PB 0x0000000738200000| Untracked 
| 422|0x0000000738400000, 0x0000000738400000, 0x0000000738600000|  0%| F|  |TAMS 0x0000000738400000| PB 0x0000000738400000| Untracked 
| 423|0x0000000738600000, 0x0000000738600000, 0x0000000738800000|  0%| F|  |TAMS 0x0000000738600000| PB 0x0000000738600000| Untracked 
| 424|0x0000000738800000, 0x0000000738800000, 0x0000000738a00000|  0%| F|  |TAMS 0x0000000738800000| PB 0x0000000738800000| Untracked 
| 425|0x0000000738a00000, 0x0000000738a00000, 0x0000000738c00000|  0%| F|  |TAMS 0x0000000738a00000| PB 0x0000000738a00000| Untracked 
| 426|0x0000000738c00000, 0x0000000738c00000, 0x0000000738e00000|  0%| F|  |TAMS 0x0000000738c00000| PB 0x0000000738c00000| Untracked 
| 427|0x0000000738e00000, 0x0000000738e00000, 0x0000000739000000|  0%| F|  |TAMS 0x0000000738e00000| PB 0x0000000738e00000| Untracked 
| 428|0x0000000739000000, 0x0000000739000000, 0x0000000739200000|  0%| F|  |TAMS 0x0000000739000000| PB 0x0000000739000000| Untracked 
| 429|0x0000000739200000, 0x0000000739200000, 0x0000000739400000|  0%| F|  |TAMS 0x0000000739200000| PB 0x0000000739200000| Untracked 
| 430|0x0000000739400000, 0x0000000739400000, 0x0000000739600000|  0%| F|  |TAMS 0x0000000739400000| PB 0x0000000739400000| Untracked 
| 431|0x0000000739600000, 0x0000000739600000, 0x0000000739800000|  0%| F|  |TAMS 0x0000000739600000| PB 0x0000000739600000| Untracked 
| 432|0x0000000739800000, 0x0000000739800000, 0x0000000739a00000|  0%| F|  |TAMS 0x0000000739800000| PB 0x0000000739800000| Untracked 
| 433|0x0000000739a00000, 0x0000000739a00000, 0x0000000739c00000|  0%| F|  |TAMS 0x0000000739a00000| PB 0x0000000739a00000| Untracked 
| 434|0x0000000739c00000, 0x0000000739c00000, 0x0000000739e00000|  0%| F|  |TAMS 0x0000000739c00000| PB 0x0000000739c00000| Untracked 
| 435|0x0000000739e00000, 0x0000000739e00000, 0x000000073a000000|  0%| F|  |TAMS 0x0000000739e00000| PB 0x0000000739e00000| Untracked 
| 436|0x000000073a000000, 0x000000073a000000, 0x000000073a200000|  0%| F|  |TAMS 0x000000073a000000| PB 0x000000073a000000| Untracked 
| 437|0x000000073a200000, 0x000000073a200000, 0x000000073a400000|  0%| F|  |TAMS 0x000000073a200000| PB 0x000000073a200000| Untracked 
| 438|0x000000073a400000, 0x000000073a400000, 0x000000073a600000|  0%| F|  |TAMS 0x000000073a400000| PB 0x000000073a400000| Untracked 
| 439|0x000000073a600000, 0x000000073a600000, 0x000000073a800000|  0%| F|  |TAMS 0x000000073a600000| PB 0x000000073a600000| Untracked 
| 440|0x000000073a800000, 0x000000073a800000, 0x000000073aa00000|  0%| F|  |TAMS 0x000000073a800000| PB 0x000000073a800000| Untracked 
| 441|0x000000073aa00000, 0x000000073aa00000, 0x000000073ac00000|  0%| F|  |TAMS 0x000000073aa00000| PB 0x000000073aa00000| Untracked 
| 442|0x000000073ac00000, 0x000000073ac00000, 0x000000073ae00000|  0%| F|  |TAMS 0x000000073ac00000| PB 0x000000073ac00000| Untracked 
| 443|0x000000073ae00000, 0x000000073ae00000, 0x000000073b000000|  0%| F|  |TAMS 0x000000073ae00000| PB 0x000000073ae00000| Untracked 
| 444|0x000000073b000000, 0x000000073b000000, 0x000000073b200000|  0%| F|  |TAMS 0x000000073b000000| PB 0x000000073b000000| Untracked 
| 445|0x000000073b200000, 0x000000073b200000, 0x000000073b400000|  0%| F|  |TAMS 0x000000073b200000| PB 0x000000073b200000| Untracked 
| 446|0x000000073b400000, 0x000000073b400000, 0x000000073b600000|  0%| F|  |TAMS 0x000000073b400000| PB 0x000000073b400000| Untracked 
| 447|0x000000073b600000, 0x000000073b600000, 0x000000073b800000|  0%| F|  |TAMS 0x000000073b600000| PB 0x000000073b600000| Untracked 
| 448|0x000000073b800000, 0x000000073b800000, 0x000000073ba00000|  0%| F|  |TAMS 0x000000073b800000| PB 0x000000073b800000| Untracked 
| 449|0x000000073ba00000, 0x000000073ba00000, 0x000000073bc00000|  0%| F|  |TAMS 0x000000073ba00000| PB 0x000000073ba00000| Untracked 
| 450|0x000000073bc00000, 0x000000073bc00000, 0x000000073be00000|  0%| F|  |TAMS 0x000000073bc00000| PB 0x000000073bc00000| Untracked 
| 451|0x000000073be00000, 0x000000073be00000, 0x000000073c000000|  0%| F|  |TAMS 0x000000073be00000| PB 0x000000073be00000| Untracked 
| 452|0x000000073c000000, 0x000000073c000000, 0x000000073c200000|  0%| F|  |TAMS 0x000000073c000000| PB 0x000000073c000000| Untracked 
| 453|0x000000073c200000, 0x000000073c200000, 0x000000073c400000|  0%| F|  |TAMS 0x000000073c200000| PB 0x000000073c200000| Untracked 
| 454|0x000000073c400000, 0x000000073c400000, 0x000000073c600000|  0%| F|  |TAMS 0x000000073c400000| PB 0x000000073c400000| Untracked 
| 455|0x000000073c600000, 0x000000073c600000, 0x000000073c800000|  0%| F|  |TAMS 0x000000073c600000| PB 0x000000073c600000| Untracked 
| 456|0x000000073c800000, 0x000000073c800000, 0x000000073ca00000|  0%| F|  |TAMS 0x000000073c800000| PB 0x000000073c800000| Untracked 
| 457|0x000000073ca00000, 0x000000073ca00000, 0x000000073cc00000|  0%| F|  |TAMS 0x000000073ca00000| PB 0x000000073ca00000| Untracked 
| 458|0x000000073cc00000, 0x000000073cc00000, 0x000000073ce00000|  0%| F|  |TAMS 0x000000073cc00000| PB 0x000000073cc00000| Untracked 
| 459|0x000000073ce00000, 0x000000073ce00000, 0x000000073d000000|  0%| F|  |TAMS 0x000000073ce00000| PB 0x000000073ce00000| Untracked 
| 460|0x000000073d000000, 0x000000073d000000, 0x000000073d200000|  0%| F|  |TAMS 0x000000073d000000| PB 0x000000073d000000| Untracked 
| 461|0x000000073d200000, 0x000000073d200000, 0x000000073d400000|  0%| F|  |TAMS 0x000000073d200000| PB 0x000000073d200000| Untracked 
| 462|0x000000073d400000, 0x000000073d400000, 0x000000073d600000|  0%| F|  |TAMS 0x000000073d400000| PB 0x000000073d400000| Untracked 
| 463|0x000000073d600000, 0x000000073d600000, 0x000000073d800000|  0%| F|  |TAMS 0x000000073d600000| PB 0x000000073d600000| Untracked 
| 464|0x000000073d800000, 0x000000073d800000, 0x000000073da00000|  0%| F|  |TAMS 0x000000073d800000| PB 0x000000073d800000| Untracked 
| 465|0x000000073da00000, 0x000000073da00000, 0x000000073dc00000|  0%| F|  |TAMS 0x000000073da00000| PB 0x000000073da00000| Untracked 
| 466|0x000000073dc00000, 0x000000073dc00000, 0x000000073de00000|  0%| F|  |TAMS 0x000000073dc00000| PB 0x000000073dc00000| Untracked 
| 467|0x000000073de00000, 0x000000073de00000, 0x000000073e000000|  0%| F|  |TAMS 0x000000073de00000| PB 0x000000073de00000| Untracked 
| 468|0x000000073e000000, 0x000000073e000000, 0x000000073e200000|  0%| F|  |TAMS 0x000000073e000000| PB 0x000000073e000000| Untracked 
| 469|0x000000073e200000, 0x000000073e200000, 0x000000073e400000|  0%| F|  |TAMS 0x000000073e200000| PB 0x000000073e200000| Untracked 
|2019|0x00000007ffe00000, 0x0000000800000000, 0x0000000800000000|100%| O|  |TAMS 0x00000007ffe00000| PB 0x00000007ffe00000| Untracked 

Card table byte_map: [0x000001ea510e0000,0x000001ea518d0000] _byte_map_base: 0x000001ea4d8c4000

Marking Bits: (CMBitMap*) 0x000001ea3b453830
 Bits: [0x000001ea518d0000, 0x000001ea557f0000)

Polling page: 0x000001ea3abb0000

Metaspace:

Usage:
  Non-class:     33.18 MB used.
      Class:      4.60 MB used.
       Both:     37.78 MB used.

Virtual space:
  Non-class space:       64.00 MB reserved,      33.44 MB ( 52%) committed,  1 nodes.
      Class space:        1.00 GB reserved,       4.81 MB ( <1%) committed,  1 nodes.
             Both:        1.06 GB reserved,      38.25 MB (  4%) committed. 

Chunk freelists:
   Non-Class:  14.06 MB
       Class:  11.19 MB
        Both:  25.25 MB

MaxMetaspaceSize: unlimited
CompressedClassSpaceSize: 1.00 GB
Initial GC threshold: 21.00 MB
Current GC threshold: 58.69 MB
CDS: on
 - commit_granule_bytes: 65536.
 - commit_granule_words: 8192.
 - virtual_space_node_default_size: 8388608.
 - enlarge_chunks_in_place: 1.
 - use_allocation_guard: 0.


Internal statistics:

num_allocs_failed_limit: 8.
num_arena_births: 728.
num_arena_deaths: 0.
num_vsnodes_births: 2.
num_vsnodes_deaths: 0.
num_space_committed: 612.
num_space_uncommitted: 0.
num_chunks_returned_to_freelist: 8.
num_chunks_taken_from_freelist: 1556.
num_chunk_merges: 0.
num_chunk_splits: 948.
num_chunks_enlarged: 546.
num_inconsistent_stats: 0.

CodeHeap 'non-profiled nmethods': size=120000Kb used=8827Kb max_used=8827Kb free=111172Kb
 bounds [0x000001ea48e70000, 0x000001ea49710000, 0x000001ea503a0000]
CodeHeap 'profiled nmethods': size=120000Kb used=17665Kb max_used=17665Kb free=102334Kb
 bounds [0x000001ea413a0000, 0x000001ea424f0000, 0x000001ea488d0000]
CodeHeap 'non-nmethods': size=5760Kb used=1882Kb max_used=1986Kb free=3877Kb
 bounds [0x000001ea488d0000, 0x000001ea48b40000, 0x000001ea48e70000]
 total_blobs=9229 nmethods=8351 adapters=781
 compilation: enabled
              stopped_count=0, restarted_count=0
 full_count=0

Compilation events (20 events):
Event: 30.750 Thread 0x000001ea5847e350 nmethod 8635 0x000001ea424dd110 code [0x000001ea424dd300, 0x000001ea424dd800]
Event: 30.851 Thread 0x000001ea584599a0 nmethod 8631 0x000001ea496fd810 code [0x000001ea496fe280, 0x000001ea49705600]
Event: 30.851 Thread 0x000001ea584599a0 8634       4       sun.swing.ImageCache$Entry::equals (147 bytes)
Event: 30.852 Thread 0x000001eaa295a470 8638       4       java.util.concurrent.locks.AbstractQueuedSynchronizer$Node::setStatusRelaxed (12 bytes)
Event: 30.852 Thread 0x000001eaa295a470 nmethod 8638 0x000001ea4970a210 code [0x000001ea4970a3a0, 0x000001ea4970a430]
Event: 30.852 Thread 0x000001eaa295a470 8636       4       java.util.concurrent.locks.AbstractQueuedSynchronizer$Node::setPrevRelaxed (12 bytes)
Event: 30.853 Thread 0x000001eaa295a470 nmethod 8636 0x000001ea4970a510 code [0x000001ea4970a6a0, 0x000001ea4970a810]
Event: 30.853 Thread 0x000001eaa295a470 8637       4       java.util.concurrent.locks.AbstractQueuedSynchronizer::casTail (13 bytes)
Event: 30.854 Thread 0x000001eaa295a470 nmethod 8637 0x000001ea4970a890 code [0x000001ea4970aa20, 0x000001ea4970abb0]
Event: 30.854 Thread 0x000001eaa295a470 8639       4       app.freerouting.geometry.planar.Simplex::intersection (6 bytes)
Event: 30.855 Thread 0x000001ea584599a0 nmethod 8634 0x000001ea4970ac10 code [0x000001ea4970ade0, 0x000001ea4970b188]
Event: 30.863 Thread 0x000001eaa295a470 nmethod 8639 0x000001ea4970b490 code [0x000001ea4970b700, 0x000001ea4970c5a0]
Event: 30.935 Thread 0x000001ea584599a0 8640       4       java.awt.Container::findComponentAtImpl (161 bytes)
Event: 30.949 Thread 0x000001ea584599a0 nmethod 8640 0x000001ea4970cd10 code [0x000001ea4970cf40, 0x000001ea4970e078]
Event: 31.142 Thread 0x000001ea5847e350 8641       3       app.freerouting.geometry.planar.Line::perpendicular_projection (6 bytes)
Event: 31.143 Thread 0x000001ea5847e350 nmethod 8641 0x000001ea424dd990 code [0x000001ea424ddb40, 0x000001ea424ddd20]
Event: 31.143 Thread 0x000001ea5847e350 8642       3       app.freerouting.geometry.planar.IntPoint::perpendicular_projection (327 bytes)
Event: 31.143 Thread 0x000001ea5847e350 nmethod 8642 0x000001ea424dde10 code [0x000001ea424de240, 0x000001ea424df750]
Event: 31.405 Thread 0x000001ea5847e350 8643       3       javax.swing.Timer::timerQueue (4 bytes)
Event: 31.405 Thread 0x000001ea5847e350 nmethod 8643 0x000001ea424e0310 code [0x000001ea424e04c0, 0x000001ea424e05f8]

GC Heap History (20 events):
Event: 29.793 GC heap after
{Heap after GC invocations=212 (full 0):
 garbage-first heap   total 831488K, used 68015K [0x0000000703800000, 0x0000000800000000)
  region size 2048K, 4 young (8192K), 4 survivors (8192K)
 Metaspace       used 38664K, committed 39168K, reserved 1114112K
  class space    used 4713K, committed 4928K, reserved 1048576K
}
Event: 29.967 GC heap before
{Heap before GC invocations=212 (full 0):
 garbage-first heap   total 831488K, used 557487K [0x0000000703800000, 0x0000000800000000)
  region size 2048K, 243 young (497664K), 4 survivors (8192K)
 Metaspace       used 38672K, committed 39168K, reserved 1114112K
  class space    used 4713K, committed 4928K, reserved 1048576K
}
Event: 29.971 GC heap after
{Heap after GC invocations=213 (full 0):
 garbage-first heap   total 831488K, used 68562K [0x0000000703800000, 0x0000000800000000)
  region size 2048K, 5 young (10240K), 5 survivors (10240K)
 Metaspace       used 38672K, committed 39168K, reserved 1114112K
  class space    used 4713K, committed 4928K, reserved 1048576K
}
Event: 30.117 GC heap before
{Heap before GC invocations=213 (full 0):
 garbage-first heap   total 831488K, used 555986K [0x0000000703800000, 0x0000000800000000)
  region size 2048K, 243 young (497664K), 5 survivors (10240K)
 Metaspace       used 38674K, committed 39168K, reserved 1114112K
  class space    used 4713K, committed 4928K, reserved 1048576K
}
Event: 30.121 GC heap after
{Heap after GC invocations=214 (full 0):
 garbage-first heap   total 831488K, used 69612K [0x0000000703800000, 0x0000000800000000)
  region size 2048K, 5 young (10240K), 5 survivors (10240K)
 Metaspace       used 38674K, committed 39168K, reserved 1114112K
  class space    used 4713K, committed 4928K, reserved 1048576K
}
Event: 30.263 GC heap before
{Heap before GC invocations=214 (full 0):
 garbage-first heap   total 831488K, used 557036K [0x0000000703800000, 0x0000000800000000)
  region size 2048K, 243 young (497664K), 5 survivors (10240K)
 Metaspace       used 38674K, committed 39168K, reserved 1114112K
  class space    used 4713K, committed 4928K, reserved 1048576K
}
Event: 30.267 GC heap after
{Heap after GC invocations=215 (full 0):
 garbage-first heap   total 831488K, used 71715K [0x0000000703800000, 0x0000000800000000)
  region size 2048K, 6 young (12288K), 6 survivors (12288K)
 Metaspace       used 38674K, committed 39168K, reserved 1114112K
  class space    used 4713K, committed 4928K, reserved 1048576K
}
Event: 30.413 GC heap before
{Heap before GC invocations=215 (full 0):
 garbage-first heap   total 831488K, used 557091K [0x0000000703800000, 0x0000000800000000)
  region size 2048K, 243 young (497664K), 6 survivors (12288K)
 Metaspace       used 38675K, committed 39168K, reserved 1114112K
  class space    used 4713K, committed 4928K, reserved 1048576K
}
Event: 30.419 GC heap after
{Heap after GC invocations=216 (full 0):
 garbage-first heap   total 831488K, used 73864K [0x0000000703800000, 0x0000000800000000)
  region size 2048K, 7 young (14336K), 7 survivors (14336K)
 Metaspace       used 38675K, committed 39168K, reserved 1114112K
  class space    used 4713K, committed 4928K, reserved 1048576K
}
Event: 30.556 GC heap before
{Heap before GC invocations=216 (full 0):
 garbage-first heap   total 831488K, used 557192K [0x0000000703800000, 0x0000000800000000)
  region size 2048K, 243 young (497664K), 7 survivors (14336K)
 Metaspace       used 38676K, committed 39168K, reserved 1114112K
  class space    used 4713K, committed 4928K, reserved 1048576K
}
Event: 30.563 GC heap after
{Heap after GC invocations=217 (full 0):
 garbage-first heap   total 831488K, used 76477K [0x0000000703800000, 0x0000000800000000)
  region size 2048K, 8 young (16384K), 8 survivors (16384K)
 Metaspace       used 38676K, committed 39168K, reserved 1114112K
  class space    used 4713K, committed 4928K, reserved 1048576K
}
Event: 30.701 GC heap before
{Heap before GC invocations=217 (full 0):
 garbage-first heap   total 831488K, used 557757K [0x0000000703800000, 0x0000000800000000)
  region size 2048K, 243 young (497664K), 8 survivors (16384K)
 Metaspace       used 38679K, committed 39168K, reserved 1114112K
  class space    used 4713K, committed 4928K, reserved 1048576K
}
Event: 30.708 GC heap after
{Heap after GC invocations=218 (full 0):
 garbage-first heap   total 964608K, used 77780K [0x0000000703800000, 0x0000000800000000)
  region size 2048K, 9 young (18432K), 9 survivors (18432K)
 Metaspace       used 38679K, committed 39168K, reserved 1114112K
  class space    used 4713K, committed 4928K, reserved 1048576K
}
Event: 30.905 GC heap before
{Heap before GC invocations=218 (full 0):
 garbage-first heap   total 964608K, used 636884K [0x0000000703800000, 0x0000000800000000)
  region size 2048K, 282 young (577536K), 9 survivors (18432K)
 Metaspace       used 38684K, committed 39168K, reserved 1114112K
  class space    used 4713K, committed 4928K, reserved 1048576K
}
Event: 30.928 GC heap after
{Heap after GC invocations=219 (full 0):
 garbage-first heap   total 964608K, used 79635K [0x0000000703800000, 0x0000000800000000)
  region size 2048K, 10 young (20480K), 10 survivors (20480K)
 Metaspace       used 38684K, committed 39168K, reserved 1114112K
  class space    used 4713K, committed 4928K, reserved 1048576K
}
Event: 31.099 GC heap before
{Heap before GC invocations=219 (full 0):
 garbage-first heap   total 964608K, used 636691K [0x0000000703800000, 0x0000000800000000)
  region size 2048K, 282 young (577536K), 10 survivors (20480K)
 Metaspace       used 38684K, committed 39168K, reserved 1114112K
  class space    used 4713K, committed 4928K, reserved 1048576K
}
Event: 31.107 GC heap after
{Heap after GC invocations=220 (full 0):
 garbage-first heap   total 964608K, used 81105K [0x0000000703800000, 0x0000000800000000)
  region size 2048K, 10 young (20480K), 10 survivors (20480K)
 Metaspace       used 38684K, committed 39168K, reserved 1114112K
  class space    used 4713K, committed 4928K, reserved 1048576K
}
Event: 31.274 GC heap before
{Heap before GC invocations=220 (full 0):
 garbage-first heap   total 964608K, used 638161K [0x0000000703800000, 0x0000000800000000)
  region size 2048K, 282 young (577536K), 10 survivors (20480K)
 Metaspace       used 38687K, committed 39168K, reserved 1114112K
  class space    used 4713K, committed 4928K, reserved 1048576K
}
Event: 31.282 GC heap after
{Heap after GC invocations=221 (full 0):
 garbage-first heap   total 964608K, used 82912K [0x0000000703800000, 0x0000000800000000)
  region size 2048K, 11 young (22528K), 11 survivors (22528K)
 Metaspace       used 38687K, committed 39168K, reserved 1114112K
  class space    used 4713K, committed 4928K, reserved 1048576K
}
Event: 31.442 GC heap before
{Heap before GC invocations=221 (full 0):
 garbage-first heap   total 964608K, used 637920K [0x0000000703800000, 0x0000000800000000)
  region size 2048K, 282 young (577536K), 11 survivors (22528K)
 Metaspace       used 38687K, committed 39168K, reserved 1114112K
  class space    used 4713K, committed 4928K, reserved 1048576K
}

Dll operation events (13 events):
Event: 0.009 Loaded shared library C:\Users\RSUSMI~1\AppData\Local\Temp\freerouting\jre\jdk-21.0.7+6-jre\bin\java.dll
Event: 0.035 Loaded shared library C:\Users\RSUSMI~1\AppData\Local\Temp\freerouting\jre\jdk-21.0.7+6-jre\bin\jsvml.dll
Event: 0.051 Loaded shared library C:\Users\rsusmilch\AppData\Local\Temp\freerouting\jre\jdk-21.0.7+6-jre\bin\net.dll
Event: 0.059 Loaded shared library C:\Users\rsusmilch\AppData\Local\Temp\freerouting\jre\jdk-21.0.7+6-jre\bin\nio.dll
Event: 0.093 Loaded shared library C:\Users\rsusmilch\AppData\Local\Temp\freerouting\jre\jdk-21.0.7+6-jre\bin\zip.dll
Event: 0.137 Loaded shared library C:\Users\rsusmilch\AppData\Local\Temp\freerouting\jre\jdk-21.0.7+6-jre\bin\jimage.dll
Event: 0.340 Loaded shared library C:\Users\rsusmilch\AppData\Local\Temp\freerouting\jre\jdk-21.0.7+6-jre\bin\management.dll
Event: 0.363 Loaded shared library C:\Users\rsusmilch\AppData\Local\Temp\freerouting\jre\jdk-21.0.7+6-jre\bin\management_ext.dll
Event: 0.754 Loaded shared library C:\Users\rsusmilch\AppData\Local\Temp\freerouting\jre\jdk-21.0.7+6-jre\bin\awt.dll
Event: 1.380 Loaded shared library C:\Users\rsusmilch\AppData\Local\Temp\freerouting\jre\jdk-21.0.7+6-jre\bin\sunmscapi.dll
Event: 1.827 Loaded shared library C:\Users\rsusmilch\AppData\Local\Temp\freerouting\jre\jdk-21.0.7+6-jre\bin\extnet.dll
Event: 2.190 Loaded shared library C:\Users\rsusmilch\AppData\Local\Temp\freerouting\jre\jdk-21.0.7+6-jre\bin\freetype.dll
Event: 2.206 Loaded shared library C:\Users\rsusmilch\AppData\Local\Temp\freerouting\jre\jdk-21.0.7+6-jre\bin\fontmanager.dll

Deoptimization events (20 events):
Event: 29.251 Thread 0x000001ea9edb6d20 Uncommon trap: trap_request=0xffffffde fr.pc=0x000001ea4964cfd0 relative=0x00000000000016d0
Event: 29.251 Thread 0x000001ea9edb6d20 Uncommon trap: reason=class_check action=maybe_recompile pc=0x000001ea4964cfd0 method=app.freerouting.autoroute.MazeSearchAlgo.expand_to_drill(Lapp/freerouting/autoroute/ExpansionDrill;Lapp/freerouting/autoroute/MazeListElement;I)V @ 4 c2
Event: 29.251 Thread 0x000001ea9edb6d20 DEOPT PACKING pc=0x000001ea4964cfd0 sp=0x000000c8c9efecc0
Event: 29.251 Thread 0x000001ea9edb6d20 DEOPT UNPACKING pc=0x000001ea489246a2 sp=0x000000c8c9efec38 mode 2
Event: 29.300 Thread 0x000001ea9edb6d20 Uncommon trap: trap_request=0xffffffde fr.pc=0x000001ea4964cfd0 relative=0x00000000000016d0
Event: 29.300 Thread 0x000001ea9edb6d20 Uncommon trap: reason=class_check action=maybe_recompile pc=0x000001ea4964cfd0 method=app.freerouting.autoroute.MazeSearchAlgo.expand_to_drill(Lapp/freerouting/autoroute/ExpansionDrill;Lapp/freerouting/autoroute/MazeListElement;I)V @ 4 c2
Event: 29.300 Thread 0x000001ea9edb6d20 DEOPT PACKING pc=0x000001ea4964cfd0 sp=0x000000c8c9efecc0
Event: 29.300 Thread 0x000001ea9edb6d20 DEOPT UNPACKING pc=0x000001ea489246a2 sp=0x000000c8c9efec38 mode 2
Event: 29.464 Thread 0x000001ea9edb6d20 Uncommon trap: trap_request=0xffffff45 fr.pc=0x000001ea493d6564 relative=0x0000000000000384
Event: 29.464 Thread 0x000001ea9edb6d20 Uncommon trap: reason=unstable_if action=reinterpret pc=0x000001ea493d6564 method=app.freerouting.board.ShapeSearchTree.divide_large_room(Ljava/util/Collection;Lapp/freerouting/geometry/planar/IntBox;)Ljava/util/Collection; @ 47 c2
Event: 29.464 Thread 0x000001ea9edb6d20 DEOPT PACKING pc=0x000001ea493d6564 sp=0x000000c8c9efe760
Event: 29.464 Thread 0x000001ea9edb6d20 DEOPT UNPACKING pc=0x000001ea489246a2 sp=0x000000c8c9efe6a0 mode 2
Event: 29.769 Thread 0x000001ea9edb6d20 Uncommon trap: trap_request=0xffffff6e fr.pc=0x000001ea496ad90c relative=0x00000000000025ec
Event: 29.769 Thread 0x000001ea9edb6d20 Uncommon trap: reason=loop_limit_check action=maybe_recompile pc=0x000001ea496ad90c method=app.freerouting.autoroute.MazeSearchAlgo.expand_to_other_layers(Lapp/freerouting/autoroute/MazeListElement;)V @ 368 c2
Event: 29.770 Thread 0x000001ea9edb6d20 DEOPT PACKING pc=0x000001ea496ad90c sp=0x000000c8c9efee70
Event: 29.770 Thread 0x000001ea9edb6d20 DEOPT UNPACKING pc=0x000001ea489246a2 sp=0x000000c8c9efede0 mode 2
Event: 30.022 Thread 0x000001ea9edb6d20 DEOPT PACKING pc=0x000001ea422b4cef sp=0x000000c8c9efed10
Event: 30.022 Thread 0x000001ea9edb6d20 DEOPT UNPACKING pc=0x000001ea48924e42 sp=0x000000c8c9efe250 mode 0
Event: 30.193 Thread 0x000001ea9edb6d20 DEOPT PACKING pc=0x000001ea424c8915 sp=0x000000c8c9efef90
Event: 30.193 Thread 0x000001ea9edb6d20 DEOPT UNPACKING pc=0x000001ea48924e42 sp=0x000000c8c9efe468 mode 0

Classes loaded (20 events):
Event: 14.541 Loading class java/io/ObjectInputStream$FieldValues
Event: 14.541 Loading class java/io/ObjectInputStream$GetField
Event: 14.541 Loading class java/io/ObjectInputStream$GetField done
Event: 14.541 Loading class java/io/ObjectInputStream$FieldValues done
Event: 14.653 Loading class sun/security/ssl/Alert
Event: 14.654 Loading class sun/security/ssl/Alert done
Event: 14.654 Loading class sun/security/ssl/Alert$AlertConsumer
Event: 14.654 Loading class sun/security/ssl/Alert$AlertConsumer done
Event: 14.654 Loading class sun/security/ssl/Alert$Level
Event: 14.654 Loading class sun/security/ssl/Alert$Level done
Event: 14.663 Loading class java/net/SocketTimeoutException
Event: 14.663 Loading class java/io/InterruptedIOException
Event: 14.663 Loading class java/io/InterruptedIOException done
Event: 14.663 Loading class java/net/SocketTimeoutException done
Event: 14.967 Loading class java/util/TreeMap$KeySpliterator
Event: 14.977 Loading class java/util/TreeMap$TreeMapSpliterator
Event: 14.979 Loading class java/util/TreeMap$TreeMapSpliterator done
Event: 14.979 Loading class java/util/TreeMap$KeySpliterator done
Event: 15.013 Loading class java/util/PriorityQueue$Itr
Event: 15.013 Loading class java/util/PriorityQueue$Itr done

Classes unloaded (0 events):
No events

Classes redefined (0 events):
No events

Internal exceptions (20 events):
Event: 14.529 Thread 0x000001ea9edb6d20 Exception <a 'java/lang/NoSuchMethodError'{0x000000071dd1d168}: static [Lapp/freerouting/rules/ClearanceMatrix$Row;.<clinit>()V> (0x000000071dd1d168) 
thrown [s\src\hotspot\share\prims\jni.cpp, line 1111]
Event: 14.529 Thread 0x000001ea9edb6d20 Exception <a 'java/lang/NoSuchMethodError'{0x000000071dd26178}: static Lapp/freerouting/rules/ClearanceMatrix$Row;.<clinit>()V> (0x000000071dd26178) 
thrown [s\src\hotspot\share\prims\jni.cpp, line 1111]
Event: 14.529 Thread 0x000001ea9edb6d20 Exception <a 'java/lang/NoSuchMethodError'{0x000000071dd279b8}: static [Lapp/freerouting/rules/ClearanceMatrix$MatrixEntry;.<clinit>()V> (0x000000071dd279b8) 
thrown [s\src\hotspot\share\prims\jni.cpp, line 1111]
Event: 14.530 Thread 0x000001ea9edb6d20 Exception <a 'java/lang/NoSuchMethodError'{0x000000071dd2fd88}: static Lapp/freerouting/rules/ClearanceMatrix$MatrixEntry;.<clinit>()V> (0x000000071dd2fd88) 
thrown [s\src\hotspot\share\prims\jni.cpp, line 1111]
Event: 14.530 Thread 0x000001ea9edb6d20 Exception <a 'java/lang/NoSuchMethodError'{0x000000071dd38ef0}: static Ljava/lang/Object;.<clinit>()V> (0x000000071dd38ef0) 
thrown [s\src\hotspot\share\prims\jni.cpp, line 1111]
Event: 14.531 Thread 0x000001ea9edb6d20 Exception <a 'java/lang/NoSuchMethodError'{0x000000071dd47bc0}: static Lapp/freerouting/rules/NetClass;.<clinit>()V> (0x000000071dd47bc0) 
thrown [s\src\hotspot\share\prims\jni.cpp, line 1111]
Event: 14.532 Thread 0x000001ea9edb6d20 Exception <a 'java/lang/NoSuchMethodError'{0x000000071dd4bad0}: static [Z.<clinit>()V> (0x000000071dd4bad0) 
thrown [s\src\hotspot\share\prims\jni.cpp, line 1111]
Event: 14.532 Thread 0x000001ea9edb6d20 Exception <a 'java/lang/NoSuchMethodError'{0x000000071dd53a30}: static Lapp/freerouting/rules/DefaultItemClearanceClasses;.<clinit>()V> (0x000000071dd53a30) 
thrown [s\src\hotspot\share\prims\jni.cpp, line 1111]
Event: 14.533 Thread 0x000001ea9edb6d20 Exception <a 'java/lang/NoSuchMethodError'{0x000000071dd5d900}: static Ljava/lang/Object;.<clinit>()V> (0x000000071dd5d900) 
thrown [s\src\hotspot\share\prims\jni.cpp, line 1111]
Event: 14.534 Thread 0x000001ea9edb6d20 Exception <a 'java/lang/NoSuchMethodError'{0x000000071cc0ccd0}: static Lapp/freerouting/rules/ViaInfo;.<clinit>()V> (0x000000071cc0ccd0) 
thrown [s\src\hotspot\share\prims\jni.cpp, line 1111]
Event: 14.535 Thread 0x000001ea9edb6d20 Exception <a 'java/lang/NoSuchMethodError'{0x000000071cc17e58}: static Lapp/freerouting/rules/Nets;.<clinit>()V> (0x000000071cc17e58) 
thrown [s\src\hotspot\share\prims\jni.cpp, line 1111]
Event: 14.535 Thread 0x000001ea9edb6d20 Exception <a 'java/lang/NoSuchMethodError'{0x000000071cc23608}: static Lapp/freerouting/rules/Net;.<clinit>()V> (0x000000071cc23608) 
thrown [s\src\hotspot\share\prims\jni.cpp, line 1111]
Event: 14.536 Thread 0x000001ea9edb6d20 Exception <a 'java/lang/NoSuchMethodError'{0x000000071cc2f278}: static Ljava/lang/Object;.<clinit>()V> (0x000000071cc2f278) 
thrown [s\src\hotspot\share\prims\jni.cpp, line 1111]
Event: 14.694 Thread 0x000001ea9edb6d20 Implicit null exception at 0x000001ea491fcfe4 to 0x000001ea491fd3c4
Event: 15.017 Thread 0x000001ea9edb6d20 Implicit null exception at 0x000001ea49057ee5 to 0x000001ea49057f50
Event: 20.102 Thread 0x000001ea9ee5cb50 Implicit null exception at 0x000001ea4939136f to 0x000001ea49391bfc
Event: 20.671 Thread 0x000001ea9ee5cb50 Implicit null exception at 0x000001ea493bf569 to 0x000001ea493bff44
Event: 28.192 Thread 0x000001ea9edb6d20 Implicit null exception at 0x000001ea493c4bcd to 0x000001ea493c7f24
Event: 28.196 Thread 0x000001ea9edb6d20 Implicit null exception at 0x000001ea493b1a0d to 0x000001ea493b245c
Event: 29.211 Thread 0x000001ea9edb6d20 Implicit null exception at 0x000001ea49530c81 to 0x000001ea49530ee8

ZGC Phase Switch (0 events):
No events

VM Operations (20 events):
Event: 29.793 Executing VM operation: G1CollectForAllocation (G1 Evacuation Pause) done
Event: 29.967 Executing VM operation: G1CollectForAllocation (G1 Evacuation Pause)
Event: 29.971 Executing VM operation: G1CollectForAllocation (G1 Evacuation Pause) done
Event: 30.117 Executing VM operation: G1CollectForAllocation (G1 Evacuation Pause)
Event: 30.121 Executing VM operation: G1CollectForAllocation (G1 Evacuation Pause) done
Event: 30.263 Executing VM operation: G1CollectForAllocation (G1 Evacuation Pause)
Event: 30.268 Executing VM operation: G1CollectForAllocation (G1 Evacuation Pause) done
Event: 30.413 Executing VM operation: G1CollectForAllocation (G1 Evacuation Pause)
Event: 30.419 Executing VM operation: G1CollectForAllocation (G1 Evacuation Pause) done
Event: 30.556 Executing VM operation: G1CollectForAllocation (G1 Evacuation Pause)
Event: 30.563 Executing VM operation: G1CollectForAllocation (G1 Evacuation Pause) done
Event: 30.701 Executing VM operation: G1CollectForAllocation (G1 Evacuation Pause)
Event: 30.708 Executing VM operation: G1CollectForAllocation (G1 Evacuation Pause) done
Event: 30.905 Executing VM operation: G1CollectForAllocation (G1 Evacuation Pause)
Event: 30.928 Executing VM operation: G1CollectForAllocation (G1 Evacuation Pause) done
Event: 31.099 Executing VM operation: G1CollectForAllocation (G1 Evacuation Pause)
Event: 31.107 Executing VM operation: G1CollectForAllocation (G1 Evacuation Pause) done
Event: 31.274 Executing VM operation: G1CollectForAllocation (G1 Evacuation Pause)
Event: 31.282 Executing VM operation: G1CollectForAllocation (G1 Evacuation Pause) done
Event: 31.442 Executing VM operation: G1CollectForAllocation (G1 Evacuation Pause)

Memory protections (0 events):
No events

Nmethod flushes (20 events):
Event: 8.809 Thread 0x000001ea5842e260 flushing  nmethod 0x000001ea413ce910
Event: 8.809 Thread 0x000001ea5842e260 flushing  nmethod 0x000001ea41404b90
Event: 8.809 Thread 0x000001ea5842e260 flushing  nmethod 0x000001ea41405110
Event: 8.809 Thread 0x000001ea5842e260 flushing  nmethod 0x000001ea41405e90
Event: 8.809 Thread 0x000001ea5842e260 flushing  nmethod 0x000001ea41406890
Event: 8.809 Thread 0x000001ea5842e260 flushing  nmethod 0x000001ea41408010
Event: 8.809 Thread 0x000001ea5842e260 flushing  nmethod 0x000001ea41409990
Event: 8.809 Thread 0x000001ea5842e260 flushing  nmethod 0x000001ea41437e90
Event: 8.809 Thread 0x000001ea5842e260 flushing  nmethod 0x000001ea41438590
Event: 8.809 Thread 0x000001ea5842e260 flushing  nmethod 0x000001ea41438b10
Event: 8.809 Thread 0x000001ea5842e260 flushing  nmethod 0x000001ea41438e90
Event: 8.809 Thread 0x000001ea5842e260 flushing  nmethod 0x000001ea4143bc90
Event: 8.809 Thread 0x000001ea5842e260 flushing  nmethod 0x000001ea4143c390
Event: 8.809 Thread 0x000001ea5842e260 flushing  nmethod 0x000001ea4143df90
Event: 8.809 Thread 0x000001ea5842e260 flushing  nmethod 0x000001ea414b5d10
Event: 8.809 Thread 0x000001ea5842e260 flushing  nmethod 0x000001ea414b7f10
Event: 8.809 Thread 0x000001ea5842e260 flushing  nmethod 0x000001ea414b9090
Event: 8.809 Thread 0x000001ea5842e260 flushing  nmethod 0x000001ea414b9c90
Event: 8.809 Thread 0x000001ea5842e260 flushing  nmethod 0x000001ea414f8e10
Event: 8.809 Thread 0x000001ea5842e260 flushing  nmethod 0x000001ea41621210

Events (20 events):
Event: 14.508 Thread 0x000001ea9edb4c50 Thread added: 0x000001ea9edb8df0
Event: 14.509 Thread 0x000001ea9edb8df0 Thread exited: 0x000001ea9edb8df0
Event: 14.594 Thread 0x000001ea9ee5b110 Thread exited: 0x000001ea9ee5b110
Event: 14.610 Thread 0x000001ea9ee5aa80 Thread exited: 0x000001ea9ee5aa80
Event: 14.664 Thread 0x000001ea9edb4c50 Thread exited: 0x000001ea9edb4c50
Event: 19.390 Thread 0x000001eaa2957600 Thread exited: 0x000001eaa2957600
Event: 19.390 Thread 0x000001ea9e908a60 Thread exited: 0x000001ea9e908a60
Event: 20.688 Thread 0x000001ea5847e350 Thread added: 0x000001ea9e908390
Event: 20.750 Thread 0x000001ea5847e350 Thread added: 0x000001eaa2957600
Event: 21.535 Thread 0x000001eaa2957600 Thread exited: 0x000001eaa2957600
Event: 21.611 Thread 0x000001ea9e908390 Thread exited: 0x000001ea9e908390
Event: 27.855 Thread 0x000001ea9ee5be30 Thread exited: 0x000001ea9ee5be30
Event: 28.221 Thread 0x000001ea584599a0 Thread added: 0x000001eaa25ab110
Event: 28.439 Thread 0x000001eaa25ab110 Thread exited: 0x000001eaa25ab110
Event: 29.118 Thread 0x000001ea5847e350 Thread added: 0x000001eaa2957600
Event: 29.126 Thread 0x000001ea5847e350 Thread added: 0x000001eaa4cda990
Event: 30.324 Thread 0x000001eaa4cda990 Thread exited: 0x000001eaa4cda990
Event: 30.549 Thread 0x000001eaa2957600 Thread exited: 0x000001eaa2957600
Event: 30.851 Thread 0x000001ea584599a0 Thread added: 0x000001eaa295a470
Event: 31.142 Thread 0x000001eaa295a470 Thread exited: 0x000001eaa295a470


Dynamic libraries:
0x00007ff6882f0000 - 0x00007ff6882fe000 	C:\Users\RSUSMI~1\AppData\Local\Temp\freerouting\jre\jdk-21.0.7+6-jre\bin\java.exe
0x00007ffd86ff0000 - 0x00007ffd87207000 	C:\WINDOWS\SYSTEM32\ntdll.dll
0x00007ffd85610000 - 0x00007ffd856d4000 	C:\WINDOWS\System32\KERNEL32.DLL
0x00007ffd842a0000 - 0x00007ffd84673000 	C:\WINDOWS\System32\KERNELBASE.dll
0x00007ffd84750000 - 0x00007ffd84861000 	C:\WINDOWS\System32\ucrtbase.dll
0x00007ffd54710000 - 0x00007ffd5472e000 	C:\Users\RSUSMI~1\AppData\Local\Temp\freerouting\jre\jdk-21.0.7+6-jre\bin\VCRUNTIME140.dll
0x00007ffd66d80000 - 0x00007ffd66d98000 	C:\Users\RSUSMI~1\AppData\Local\Temp\freerouting\jre\jdk-21.0.7+6-jre\bin\jli.dll
0x00007ffd85320000 - 0x00007ffd854d1000 	C:\WINDOWS\System32\USER32.dll
0x00007ffd626c0000 - 0x00007ffd6295b000 	C:\WINDOWS\WinSxS\amd64_microsoft.windows.common-controls_6595b64144ccf1df_6.0.22621.5262_none_2712bde373830908\COMCTL32.dll
0x00007ffd85160000 - 0x00007ffd85207000 	C:\WINDOWS\System32\msvcrt.dll
0x00007ffd84870000 - 0x00007ffd84896000 	C:\WINDOWS\System32\win32u.dll
0x00007ffd85a00000 - 0x00007ffd85a29000 	C:\WINDOWS\System32\GDI32.dll
0x00007ffd848a0000 - 0x00007ffd849c2000 	C:\WINDOWS\System32\gdi32full.dll
0x00007ffd84680000 - 0x00007ffd8471a000 	C:\WINDOWS\System32\msvcp_win.dll
0x00007ffd84e50000 - 0x00007ffd84e81000 	C:\WINDOWS\System32\IMM32.DLL
0x00007ffd75540000 - 0x00007ffd7554c000 	C:\Users\RSUSMI~1\AppData\Local\Temp\freerouting\jre\jdk-21.0.7+6-jre\bin\vcruntime140_1.dll
0x00007ffd2ce70000 - 0x00007ffd2cefd000 	C:\Users\RSUSMI~1\AppData\Local\Temp\freerouting\jre\jdk-21.0.7+6-jre\bin\msvcp140.dll
0x00007ffd16dc0000 - 0x00007ffd17b50000 	C:\Users\RSUSMI~1\AppData\Local\Temp\freerouting\jre\jdk-21.0.7+6-jre\bin\server\jvm.dll
0x00007ffd854e0000 - 0x00007ffd85591000 	C:\WINDOWS\System32\ADVAPI32.dll
0x00007ffd85940000 - 0x00007ffd859e7000 	C:\WINDOWS\System32\sechost.dll
0x00007ffd84720000 - 0x00007ffd84748000 	C:\WINDOWS\System32\bcrypt.dll
0x00007ffd84c80000 - 0x00007ffd84d94000 	C:\WINDOWS\System32\RPCRT4.dll
0x00007ffd86460000 - 0x00007ffd864d1000 	C:\WINDOWS\System32\WS2_32.dll
0x00007ffd839f0000 - 0x00007ffd83a3d000 	C:\WINDOWS\SYSTEM32\POWRPROF.dll
0x00007ffd6cc50000 - 0x00007ffd6cc84000 	C:\WINDOWS\SYSTEM32\WINMM.dll
0x00007ffd75a60000 - 0x00007ffd75a6a000 	C:\WINDOWS\SYSTEM32\VERSION.dll
0x00007ffd839a0000 - 0x00007ffd839b3000 	C:\WINDOWS\SYSTEM32\UMPDC.dll
0x00007ffd82fa0000 - 0x00007ffd82fb8000 	C:\WINDOWS\SYSTEM32\kernel.appcore.dll
0x00007ffd74df0000 - 0x00007ffd74dfa000 	C:\Users\RSUSMI~1\AppData\Local\Temp\freerouting\jre\jdk-21.0.7+6-jre\bin\jimage.dll
0x00007ffd817b0000 - 0x00007ffd819e2000 	C:\WINDOWS\SYSTEM32\DBGHELP.DLL
0x00007ffd86530000 - 0x00007ffd868c3000 	C:\WINDOWS\System32\combase.dll
0x00007ffd85020000 - 0x00007ffd850f7000 	C:\WINDOWS\System32\OLEAUT32.dll
0x00007ffd75c60000 - 0x00007ffd75c92000 	C:\WINDOWS\SYSTEM32\dbgcore.DLL
0x00007ffd84c00000 - 0x00007ffd84c7b000 	C:\WINDOWS\System32\bcryptPrimitives.dll
0x00007ffd54310000 - 0x00007ffd5432f000 	C:\Users\RSUSMI~1\AppData\Local\Temp\freerouting\jre\jdk-21.0.7+6-jre\bin\java.dll
0x00007ffd85a30000 - 0x00007ffd862cd000 	C:\WINDOWS\System32\SHELL32.dll
0x00007ffd84160000 - 0x00007ffd8429f000 	C:\WINDOWS\System32\wintypes.dll
0x00007ffd81e50000 - 0x00007ffd8276d000 	C:\WINDOWS\SYSTEM32\windows.storage.dll
0x00007ffd85210000 - 0x00007ffd8531b000 	C:\WINDOWS\System32\SHCORE.dll
0x00007ffd855a0000 - 0x00007ffd85606000 	C:\WINDOWS\System32\shlwapi.dll
0x00007ffd84010000 - 0x00007ffd8403b000 	C:\WINDOWS\SYSTEM32\profapi.dll
0x00007ffd246b0000 - 0x00007ffd24787000 	C:\Users\RSUSMI~1\AppData\Local\Temp\freerouting\jre\jdk-21.0.7+6-jre\bin\jsvml.dll
0x00007ffd73df0000 - 0x00007ffd73e00000 	C:\Users\rsusmilch\AppData\Local\Temp\freerouting\jre\jdk-21.0.7+6-jre\bin\net.dll
0x00007ffd83020000 - 0x00007ffd8314c000 	C:\WINDOWS\SYSTEM32\WINHTTP.dll
0x00007ffd835a0000 - 0x00007ffd8360a000 	C:\WINDOWS\system32\mswsock.dll
0x00007ffd50c90000 - 0x00007ffd50ca6000 	C:\Users\rsusmilch\AppData\Local\Temp\freerouting\jre\jdk-21.0.7+6-jre\bin\nio.dll
0x00007ffd4ed30000 - 0x00007ffd4ed48000 	C:\Users\rsusmilch\AppData\Local\Temp\freerouting\jre\jdk-21.0.7+6-jre\bin\zip.dll
0x00007ffd6c810000 - 0x00007ffd6c81a000 	C:\Users\rsusmilch\AppData\Local\Temp\freerouting\jre\jdk-21.0.7+6-jre\bin\management.dll
0x00007ffd6bf90000 - 0x00007ffd6bf9b000 	C:\Users\rsusmilch\AppData\Local\Temp\freerouting\jre\jdk-21.0.7+6-jre\bin\management_ext.dll
0x00007ffd86450000 - 0x00007ffd86458000 	C:\WINDOWS\System32\PSAPI.DLL
0x00007ffd75800000 - 0x00007ffd75817000 	C:\WINDOWS\system32\napinsp.dll
0x00007ffd75820000 - 0x00007ffd7583b000 	C:\WINDOWS\system32\pnrpnsp.dll
0x00007ffd828c0000 - 0x00007ffd829b8000 	C:\WINDOWS\SYSTEM32\DNSAPI.dll
0x00007ffd82890000 - 0x00007ffd828bd000 	C:\WINDOWS\SYSTEM32\IPHLPAPI.DLL
0x00007ffd85010000 - 0x00007ffd85019000 	C:\WINDOWS\System32\NSI.dll
0x00007ffd75840000 - 0x00007ffd75851000 	C:\WINDOWS\System32\winrnr.dll
0x00007ffd7c190000 - 0x00007ffd7c1af000 	C:\WINDOWS\system32\wshbth.dll
0x00007ffd75860000 - 0x00007ffd75881000 	C:\WINDOWS\system32\nlansp_c.dll
0x00007ffd757c0000 - 0x00007ffd757ca000 	C:\Windows\System32\rasadhlp.dll
0x00007ffd7e410000 - 0x00007ffd7e493000 	C:\WINDOWS\System32\fwpuclnt.dll
0x00007ffd24520000 - 0x00007ffd246ae000 	C:\Users\rsusmilch\AppData\Local\Temp\freerouting\jre\jdk-21.0.7+6-jre\bin\awt.dll
0x00007ffd80a40000 - 0x00007ffd80ad7000 	C:\WINDOWS\SYSTEM32\apphelp.dll
0x00007ffd80f90000 - 0x00007ffd81043000 	C:\WINDOWS\system32\uxtheme.dll
0x00007ffd84eb0000 - 0x00007ffd8500e000 	C:\WINDOWS\System32\MSCTF.dll
0x00007ffd85790000 - 0x00007ffd85931000 	C:\WINDOWS\System32\ole32.dll
0x00007ffd811e0000 - 0x00007ffd8120e000 	C:\WINDOWS\system32\DWMAPI.DLL
0x00007ffd83910000 - 0x00007ffd8392b000 	C:\WINDOWS\SYSTEM32\CRYPTSP.dll
0x00007ffd82f60000 - 0x00007ffd82f97000 	C:\WINDOWS\system32\rsaenh.dll
0x00007ffd83640000 - 0x00007ffd83668000 	C:\WINDOWS\SYSTEM32\USERENV.dll
0x00007ffd83880000 - 0x00007ffd8388c000 	C:\WINDOWS\SYSTEM32\CRYPTBASE.dll
0x00007ffd46ed0000 - 0x00007ffd46fd0000 	C:\WINDOWS\system32\opengl32.dll
0x00007ffd47110000 - 0x00007ffd4713d000 	C:\WINDOWS\SYSTEM32\GLU32.dll
0x00007ffd81080000 - 0x00007ffd810b7000 	C:\WINDOWS\SYSTEM32\dxcore.dll
0x00007ffd5fcc0000 - 0x00007ffd5fcce000 	C:\Users\rsusmilch\AppData\Local\Temp\freerouting\jre\jdk-21.0.7+6-jre\bin\sunmscapi.dll
0x00007ffd849d0000 - 0x00007ffd84b37000 	C:\WINDOWS\System32\CRYPT32.dll
0x00007ffd83aa0000 - 0x00007ffd83acd000 	C:\WINDOWS\SYSTEM32\ncrypt.dll
0x00007ffd83a60000 - 0x00007ffd83a97000 	C:\WINDOWS\SYSTEM32\NTASN1.dll
0x00007ffd5ee70000 - 0x00007ffd5ee79000 	C:\Users\rsusmilch\AppData\Local\Temp\freerouting\jre\jdk-21.0.7+6-jre\bin\extnet.dll
0x00007ffd2b010000 - 0x00007ffd2b097000 	C:\Users\rsusmilch\AppData\Local\Temp\freerouting\jre\jdk-21.0.7+6-jre\bin\freetype.dll
0x00007ffd24440000 - 0x00007ffd2451b000 	C:\Users\rsusmilch\AppData\Local\Temp\freerouting\jre\jdk-21.0.7+6-jre\bin\fontmanager.dll
0x00007ffd0e700000 - 0x00007ffd0e708000 	C:\WINDOWS\system32\wshunix.dll
0x00007ffd607c0000 - 0x00007ffd60903000 	C:\WINDOWS\SYSTEM32\textinputframework.dll
0x00007ffd806d0000 - 0x00007ffd80805000 	C:\WINDOWS\SYSTEM32\CoreMessaging.dll
0x00007ffd7d4b0000 - 0x00007ffd7d81c000 	C:\WINDOWS\SYSTEM32\CoreUIComponents.dll
0x00007ffd856e0000 - 0x00007ffd85790000 	C:\WINDOWS\System32\clbcatq.dll
0x00007ffd80de0000 - 0x00007ffd80f90000 	C:\WINDOWS\SYSTEM32\WindowsCodecs.dll
0x00007ffd3db30000 - 0x00007ffd3db8e000 	C:\WINDOWS\system32\dataexchange.dll
0x00007ffd7b310000 - 0x00007ffd7b5b6000 	C:\WINDOWS\system32\twinapi.appcore.dll
0x00007ffd59d90000 - 0x00007ffd59e43000 	C:\WINDOWS\WinSxS\amd64_microsoft.windows.common-controls_6595b64144ccf1df_5.82.22621.3527_none_b43b7f4b638cc64f\comctl32.dll

dbghelp: loaded successfully - version: 4.0.5 - missing functions: none
symbol engine: initialized successfully - sym options: 0x614 - pdb path: .;C:\Users\RSUSMI~1\AppData\Local\Temp\freerouting\jre\jdk-21.0.7+6-jre\bin;C:\WINDOWS\SYSTEM32;C:\WINDOWS\WinSxS\amd64_microsoft.windows.common-controls_6595b64144ccf1df_6.0.22621.5262_none_2712bde373830908;C:\Users\RSUSMI~1\AppData\Local\Temp\freerouting\jre\jdk-21.0.7+6-jre\bin\server;C:\Users\rsusmilch\AppData\Local\Temp\freerouting\jre\jdk-21.0.7+6-jre\bin;C:\WINDOWS\WinSxS\amd64_microsoft.windows.common-controls_6595b64144ccf1df_5.82.22621.3527_none_b43b7f4b638cc64f

VM Arguments:
java_command: D:\KiCad\9.0\3rdparty\plugins\app_freerouting_kicad-plugin\jar/freerouting-2.1.0.jar -de D:\Coding_Projects\HVAC_ESP32_Node\Kicad\HVAC_ESP32_Node\freerouting.dsn -do D:\Coding_Projects\HVAC_ESP32_Node\Kicad\HVAC_ESP32_Node\freerouting.ses -host KiCad
java_class_path (initial): D:\KiCad\9.0\3rdparty\plugins\app_freerouting_kicad-plugin\jar/freerouting-2.1.0.jar
Launcher Type: SUN_STANDARD

[Global flags]
     intx CICompilerCount                          = 4                                         {product} {ergonomic}
     uint ConcGCThreads                            = 3                                         {product} {ergonomic}
     uint G1ConcRefinementThreads                  = 10                                        {product} {ergonomic}
   size_t G1HeapRegionSize                         = 2097152                                   {product} {ergonomic}
    uintx GCDrainStackTargetSize                   = 64                                        {product} {ergonomic}
   size_t InitialHeapSize                          = 266338304                                 {product} {ergonomic}
   size_t MarkStackSize                            = 4194304                                   {product} {ergonomic}
   size_t MaxHeapSize                              = 4236247040                                {product} {ergonomic}
   size_t MaxNewSize                               = 2541748224                                {product} {ergonomic}
   size_t MinHeapDeltaBytes                        = 2097152                                   {product} {ergonomic}
   size_t MinHeapSize                              = 8388608                                   {product} {ergonomic}
    uintx NonNMethodCodeHeapSize                   = 5839372                                {pd product} {ergonomic}
    uintx NonProfiledCodeHeapSize                  = 122909434                              {pd product} {ergonomic}
    uintx ProfiledCodeHeapSize                     = 122909434                              {pd product} {ergonomic}
    uintx ReservedCodeCacheSize                    = 251658240                              {pd product} {ergonomic}
     bool SegmentedCodeCache                       = true                                      {product} {ergonomic}
   size_t SoftMaxHeapSize                          = 4236247040                             {manageable} {ergonomic}
     bool UseCompressedOops                        = true                           {product lp64_product} {ergonomic}
     bool UseG1GC                                  = true                                      {product} {ergonomic}
     bool UseLargePagesIndividualAllocation        = false                                  {pd product} {ergonomic}

Logging:
Log output configuration:
 #0: stdout all=warning uptime,level,tags foldmultilines=false
 #1: stderr all=off uptime,level,tags foldmultilines=false

Environment Variables:
JAVA_HOME=C:\Users\rsusmilch\scoop\apps\zulu17-jre\current
PATH=C:\Program Files (x86)\STMicroelectronics\stlink_server;D:\ST\STM32CubeCLT_1.18.0;D:\ST\STM32CubeCLT_1.18.0\CMake\bin;D:\ST\STM32CubeCLT_1.18.0\Ninja\bin;D:\ST\STM32CubeCLT_1.18.0\GNU-tools-for-STM32\bin;D:\ST\STM32CubeCLT_1.18.0\STLink-gdb-server\bin;D:\ST\STM32CubeCLT_1.18.0\STM32CubeProgrammer\bin;C:\windows\system32;C:\windows;C:\windows\System32\Wbem;C:\windows\System32\WindowsPowerShell\v1.0\;C:\windows\System32\OpenSSH\;C:\Program Files\WindowsPowerShell\Scripts;C:\Program Files (x86)\IVI Foundation\VISA\WinNT\Bin\;C:\Program Files\IVI Foundation\VISA\Win64\Bin\;C:\Program Files (x86)\IVI Foundation\VISA\WinNT\Bin;C:\WINDOWS\system32;C:\WINDOWS;C:\WINDOWS\System32\Wbem;C:\WINDOWS\System32\WindowsPowerShell\v1.0\;C:\WINDOWS\System32\OpenSSH\;C:\Program Files (x86)\Windows Kits\10\Windows Performance Toolkit\;C:\Users\rsusmilch\scoop\apps\zulu17-jre\current\bin;C:\Users\rsusmilch\scoop\apps\python\current\Scripts;C:\Users\rsusmilch\scoop\apps\python\current;C:\Users\rsusmilch\scoop\apps\oraclejdk\current\bin;C:\Users\rsusmilch\scoop\apps\oraclejre8\current\bin;C:\Users\rsusmilch\scoop\apps\latex\current\texmfs\install\miktex\bin\x64;C:\Users\rsusmilch\scoop\apps\zulu7-jdk\current\bin;C:\Users\rsusmilch\scoop\shims;C:\Users\rsusmilch\AppData\Local\Microsoft\WindowsApps;C:\Users\rsusmilch\AppData\Local\Programs\Microsoft VS Code\bin;C:\Users\rsusmilch\AppData\Local\Microsoft\WindowsApps
USERNAME=rsusmilch
OS=Windows_NT
PROCESSOR_IDENTIFIER=Intel64 Family 6 Model 165 Stepping 3, GenuineIntel
TMP=C:\Users\RSUSMI~1\AppData\Local\Temp
TEMP=C:\Users\RSUSMI~1\AppData\Local\Temp




Periodic native trim disabled

---------------  S Y S T E M  ---------------

OS:
 Windows 11 , 64 bit Build 22621 (10.0.22621.5262)
OS uptime: 9 days 15:12 hours
Hyper-V role detected

CPU: total 12 (initial active 12) (6 cores per cpu, 2 threads per core) family 6 model 165 stepping 3 microcode 0xfe, cx8, cmov, fxsr, ht, mmx, 3dnowpref, sse, sse2, sse3, ssse3, sse4.1, sse4.2, popcnt, lzcnt, tsc, tscinvbit, avx, avx2, aes, erms, clmul, bmi1, bmi2, adx, fma, vzeroupper, clflush, clflushopt, hv, rdtscp, f16c
Processor Information for the first 12 processors :
  Max Mhz: 3096, Current Mhz: 3096, Mhz Limit: 3096

Memory: 4k page, system-wide physical 16159M (1716M free)
TotalPageFile size 32351M (AvailPageFile size 182M)
current process WorkingSet (physical memory assigned to process): 1059M, peak: 1059M
current process commit charge ("private bytes"): 1158M, peak: 1352M

vm_info: OpenJDK 64-Bit Server VM (21.0.7+6-LTS) for windows-amd64 JRE (21.0.7+6-LTS), built on 2025-04-15T00:00:00Z by "admin" with MS VC++ 17.7 (VS2022)

END.
